SUPER_W1	0	65809200	1833	12937503	65809200	0.1965911
SUPER_Z1	0	46229683	1161	16955991	46229683	0.3667772
SUPER_Z2	0	25546431	682	7165293	25546431	0.2804812
SUPER_1	0	5890230	206	2361643	5890230	0.4009424
SUPER_2	0	5175884	204	1707807	5175884	0.3299547
SUPER_W2	0	4527220	146	1306954	4527220	0.2886880
SUPER_3	0	4446736	103	1413821	4446736	0.3179458
SUPER_4	0	4414297	139	1125279	4414297	0.2549169
SUPER_5	0	4397140	115	1107452	4397140	0.2518573
SUPER_6	0	4289929	99	1326118	4289929	0.3091235
SUPER_7	0	4252064	104	1107105	4252064	0.2603689
SUPER_8	0	4031690	134	1334331	4031690	0.3309607
SUPER_9	0	3992948	91	1074601	3992948	0.2691247
SUPER_10	0	3824980	111	1206197	3824980	0.3153473
SUPER_11	0	3713153	98	1193396	3713153	0.3213969
SUPER_12	0	3630226	133	1377079	3630226	0.3793370
SUPER_13	0	3492806	57	1148190	3492806	0.3287300
SUPER_14	0	3492751	118	1387587	3492751	0.3972763
SUPER_15	0	3480474	110	1180613	3480474	0.3392104
SUPER_16	0	3463862	175	1296212	3463862	0.3742101
SUPER_17	0	3393147	93	1155140	3393147	0.3404332
SUPER_18	0	3363326	99	1080039	3363326	0.3211223
SUPER_19	0	3357405	105	1313922	3357405	0.3913504
SUPER_20	0	3350989	82	1140574	3350989	0.3403694
SUPER_21	0	3341271	82	1135387	3341271	0.3398069
SUPER_22	0	3339067	114	1107153	3339067	0.3315755
SUPER_23	0	3326143	128	1276547	3326143	0.3837920
SUPER_24	0	3298124	62	1185771	3298124	0.3595289
SUPER_25	0	3291467	135	1241534	3291467	0.3771978
SUPER_26	0	3266596	104	1240164	3266596	0.3796503
SUPER_27	0	3262183	49	757600	3262183	0.2322371
SUPER_28	0	3241657	90	934736	3241657	0.2883513
SUPER_29	0	3216653	105	1151244	3216653	0.3579012
SUPER_30	0	3183653	58	1137709	3183653	0.3573596
SUPER_31	0	3181881	93	1063678	3181881	0.3342922
SUPER_32	0	3149475	81	1204846	3149475	0.3825546
SUPER_33	0	3142333	145	1473705	3142333	0.4689843
SUPER_34	0	3136945	79	860170	3136945	0.2742063
SUPER_35	0	3092612	52	777789	3092612	0.2514991
SUPER_36	0	3089641	78	1015496	3089641	0.3286777
SUPER_37	0	3086086	81	625771	3086086	0.2027717
SUPER_38	0	3076717	142	1027702	3076717	0.3340255
SUPER_39	0	3074137	131	1152920	3074137	0.3750386
SUPER_40	0	3036511	129	1171340	3036511	0.3857519
SUPER_41	0	3031668	74	1193476	3031668	0.3936698
SUPER_42	0	3026141	135	1466460	3026141	0.4845974
SUPER_43	0	2998494	55	476744	2998494	0.1589945
SUPER_44	0	2989242	88	975077	2989242	0.3261954
SUPER_45	0	2939453	86	1298128	2939453	0.4416223
SUPER_46	0	2935671	56	649832	2935671	0.2213572
SUPER_47	0	2932610	111	1294554	2932610	0.4414341
SUPER_48	0	2930069	89	1251151	2930069	0.4270039
SUPER_49	0	2912776	107	1166939	2912776	0.4006278
SUPER_50	0	2907825	87	939440	2907825	0.3230731
SUPER_51	0	2905892	149	1471627	2905892	0.5064287
SUPER_52	0	2899783	33	401645	2899783	0.1385086
SUPER_53	0	2898101	88	820247	2898101	0.2830291
SUPER_54	0	2897611	100	823622	2897611	0.2842417
SUPER_55	0	2896096	56	634138	2896096	0.2189630
SUPER_56	0	2888642	101	1413489	2888642	0.4893265
SUPER_57	0	2888410	89	1123763	2888410	0.3890594
SUPER_58	0	2883110	84	789770	2883110	0.2739299
SUPER_59	0	2832908	78	883254	2832908	0.3117835
SUPER_60	0	2766608	119	1089475	2766608	0.3937945
SUPER_61	0	2748808	51	594660	2748808	0.2163338
SUPER_62	0	2748614	130	1207578	2748614	0.4393407
SUPER_63	0	2723314	73	713326	2723314	0.2619331
SUPER_64	0	2717521	49	1064757	2717521	0.3918119
SUPER_65	0	2710875	60	1011371	2710875	0.3730792
SUPER_66	0	2704024	129	676635	2704024	0.2502326
SUPER_67	0	2704005	62	1050004	2704005	0.3883144
SUPER_68	0	2703624	78	1047326	2703624	0.3873786
SUPER_69	0	2693491	76	620793	2693491	0.2304790
SUPER_70	0	2682993	59	590559	2682993	0.2201120
SUPER_71	0	2674876	83	884866	2674876	0.3308064
SUPER_72	0	2670143	74	936479	2670143	0.3507224
SUPER_73	0	2660910	64	710348	2660910	0.2669568
SUPER_74	0	2660705	64	1159383	2660705	0.4357428
SUPER_75	0	2655184	63	1026245	2655184	0.3865062
SUPER_76	0	2607907	75	1136261	2607907	0.4356984
SUPER_77	0	2603533	92	1472681	2603533	0.5656471
SUPER_78	0	2596717	104	1283108	2596717	0.4941270
SUPER_79	0	2577330	160	982246	2577330	0.3811099
SUPER_80	0	2575347	52	480810	2575347	0.1866972
SUPER_81	0	2561973	120	997721	2561973	0.3894346
SUPER_82	0	2555341	57	809108	2555341	0.3166341
SUPER_83	0	2552904	63	618346	2552904	0.2422128
SUPER_84	0	2549962	79	941074	2549962	0.3690541
SUPER_85	0	2531656	54	940744	2531656	0.3715923
SUPER_86	0	2519337	91	1237796	2519337	0.4913182
SUPER_87	0	2518714	62	781726	2518714	0.3103671
SUPER_88	0	2517979	49	794101	2517979	0.3153724
SUPER_89	0	2505151	55	977586	2505151	0.3902304
SUPER_90	0	2489481	67	948039	2489481	0.3808179
SUPER_91	0	2461106	79	1170833	2461106	0.4757345
SUPER_92	0	2459811	64	892336	2459811	0.3627661
SUPER_93	0	2449030	74	1001109	2449030	0.4087778
SUPER_94	0	2446241	93	968845	2446241	0.3960546
SUPER_95	0	2439435	99	1106512	2439435	0.4535936
SUPER_96	0	2433121	81	1024411	2433121	0.4210276
SUPER_97	0	2430055	70	816218	2430055	0.3358846
SUPER_98	0	2421393	45	1022110	2421393	0.4221165
SUPER_99	0	2421045	86	1121174	2421045	0.4630951
SUPER_100	0	2407168	83	998462	2407168	0.4147870
SUPER_101	0	2384661	70	1137605	2384661	0.4770510
SUPER_102	0	2382996	84	710230	2382996	0.2980408
SUPER_103	0	2370684	65	783098	2370684	0.3303258
SUPER_104	0	2354086	40	706412	2354086	0.3000791
SUPER_105	0	2338908	71	860197	2338908	0.3677772
SUPER_106	0	2287668	102	805312	2287668	0.3520231
SUPER_107	0	2284528	156	710948	2284528	0.3112013
SUPER_108	0	2277642	38	346448	2277642	0.1521082
SUPER_109	0	2275114	83	1041056	2275114	0.4575841
SUPER_110	0	2271955	98	946392	2271955	0.4165540
SUPER_111	0	2269456	44	865150	2269456	0.3812147
SUPER_112	0	2260593	73	727785	2260593	0.3219443
SUPER_113	0	2259495	59	771237	2259495	0.3413316
SUPER_114	0	2257867	76	1096460	2257867	0.4856176
SUPER_115	0	2245698	54	1001170	2245698	0.4458168
SUPER_116	0	2217189	67	742230	2217189	0.3347617
SUPER_117	0	2213033	87	1043851	2213033	0.4716834
SUPER_118	0	2207690	59	734305	2207690	0.3326124
SUPER_119	0	2190033	72	866954	2190033	0.3958634
SUPER_120	0	2188854	58	508748	2188854	0.2324266
SUPER_121	0	2156281	95	766157	2156281	0.3553141
SUPER_122	0	2140987	82	515585	2140987	0.2408165
SUPER_123	0	2133688	55	754489	2133688	0.3536079
SUPER_124	0	2103561	49	692848	2103561	0.3293691
SUPER_125	0	2081208	83	766499	2081208	0.3682953
SUPER_126	0	2078541	78	786577	2078541	0.3784275
SUPER_127	0	2078247	48	851017	2078247	0.4094879
SUPER_128	0	2072573	79	817188	2072573	0.3942867
SUPER_129	0	2065064	33	486690	2065064	0.2356779
SUPER_130	0	2061552	68	638258	2061552	0.3096007
SUPER_131	0	2046986	43	575160	2046986	0.2809789
SUPER_132	0	2045285	50	586012	2045285	0.2865185
SUPER_133	0	2044111	96	837848	2044111	0.4098838
SUPER_134	0	2024970	88	967729	2024970	0.4778979
SUPER_135	0	2020826	44	523367	2020826	0.2589867
SUPER_136	0	2020624	52	606503	2020624	0.3001563
SUPER_137	0	2004477	95	748332	2004477	0.3733303
SUPER_138	0	2003829	87	751000	2003829	0.3747825
SUPER_139	0	1988582	75	627176	1988582	0.3153886
SUPER_140	0	1982661	31	523205	1982661	0.2638903
SUPER_141	0	1967534	61	590428	1967534	0.3000853
SUPER_142	0	1963463	100	866069	1963463	0.4410926
SUPER_143	0	1961314	81	833343	1961314	0.4248902
SUPER_144	0	1949356	61	739333	1949356	0.3792704
SUPER_145	0	1930699	60	747609	1930699	0.3872219
SUPER_146	0	1926000	49	934736	1926000	0.4853250
SUPER_147	0	1924439	22	565946	1924439	0.2940836
SUPER_148	0	1919372	158	661606	1919372	0.3446992
SUPER_149	0	1918465	91	601007	1918465	0.3132749
SUPER_150	0	1905741	77	956081	1905741	0.5016847
SUPER_151	0	1898278	57	519830	1898278	0.2738429
SUPER_152	0	1898073	43	385942	1898073	0.2033336
SUPER_153	0	1894847	92	555434	1894847	0.2931287
SUPER_154	0	1893423	74	531286	1893423	0.2805955
SUPER_155	0	1875360	40	589583	1875360	0.3143839
SUPER_156	0	1868527	38	615670	1868527	0.3294948
SUPER_157	0	1838197	69	517881	1838197	0.2817331
SUPER_158	0	1827649	49	529292	1827649	0.2896027
SUPER_159	0	1822898	49	689102	1822898	0.3780255
SUPER_160	0	1819404	34	644175	1819404	0.3540583
SUPER_161	0	1812594	39	545373	1812594	0.3008798
SUPER_162	0	1810906	70	971541	1810906	0.5364944
SUPER_163	0	1804015	55	573364	1804015	0.3178266
SUPER_164	0	1801550	39	626256	1801550	0.3476207
SUPER_165	0	1798755	47	816605	1798755	0.4539835
SUPER_166	0	1780141	41	458047	1780141	0.2573094
SUPER_167	0	1776512	45	626818	1776512	0.3528363
SUPER_168	0	1772455	58	899419	1772455	0.5074425
SUPER_169	0	1767208	34	602595	1767208	0.3409870
SUPER_170	0	1761988	32	586385	1761988	0.3327974
SUPER_171	0	1758583	47	625493	1758583	0.3556801
SUPER_172	0	1753108	70	691996	1753108	0.3947253
SUPER_173	0	1747734	77	767476	1747734	0.4391263
SUPER_174	0	1743285	71	458540	1743285	0.2630321
SUPER_175	0	1740776	37	366873	1740776	0.2107526
SUPER_176	0	1736287	86	564649	1736287	0.3252049
SUPER_177	0	1724975	40	431132	1724975	0.2499352
SUPER_178	0	1717476	44	605309	1717476	0.3524410
SUPER_179	0	1713466	61	872024	1713466	0.5089240
SUPER_180	0	1702255	36	574200	1702255	0.3373173
SUPER_181	0	1701127	89	664549	1701127	0.3906522
SUPER_182	0	1690012	56	535055	1690012	0.3165984
SUPER_183	0	1681795	17	197890	1681795	0.1176659
SUPER_184	0	1675653	61	550970	1675653	0.3288091
SUPER_185	0	1673387	55	272118	1673387	0.1626151
SUPER_186	0	1667794	64	784701	1667794	0.4705023
SUPER_187	0	1649359	66	577490	1649359	0.3501300
SUPER_188	0	1647562	64	544646	1647562	0.3305769
SUPER_189	0	1645482	90	785453	1645482	0.4773391
SUPER_190	0	1635444	64	602000	1635444	0.3680958
SUPER_191	0	1630908	62	701555	1630908	0.4301622
SUPER_192	0	1622178	46	386935	1622178	0.2385281
SUPER_193	0	1608124	35	616183	1608124	0.3831688
SUPER_194	0	1606851	38	652685	1606851	0.4061889
SUPER_195	0	1597205	48	816432	1597205	0.5111629
SUPER_196	0	1583982	53	523122	1583982	0.3302575
SUPER_197	0	1580445	41	453992	1580445	0.2872558
SUPER_198	0	1580165	49	570451	1580165	0.3610072
SUPER_199	0	1577722	47	475496	1577722	0.3013813
SUPER_200	0	1558842	40	438296	1558842	0.2811677
SUPER_201	0	1557078	38	419160	1557078	0.2691965
SUPER_202	0	1555514	52	394715	1555514	0.2537521
SUPER_203	0	1554212	65	858191	1554212	0.5521711
SUPER_204	0	1534319	80	372411	1534319	0.2427207
SUPER_205	0	1517912	47	573347	1517912	0.3777208
SUPER_206	0	1499567	36	268341	1499567	0.1789457
SUPER_207	0	1499079	39	401750	1499079	0.2679979
SUPER_208	0	1482374	53	740507	1482374	0.4995413
SUPER_209	0	1467644	50	370094	1467644	0.2521688
SUPER_210	0	1461408	22	284115	1461408	0.1944118
SUPER_211	0	1451321	46	558766	1451321	0.3850051
SUPER_212	0	1424491	56	795942	1424491	0.5587554
SUPER_213	0	1414864	72	470915	1414864	0.3328341
SUPER_214	0	1403347	42	597485	1403347	0.4257571
SUPER_215	0	1401162	33	446653	1401162	0.3187733
SUPER_216	0	1400332	30	398034	1400332	0.2842426
SUPER_217	0	1370692	37	374383	1370692	0.2731343
SUPER_218	0	1370525	38	521267	1370525	0.3803411
SUPER_219	0	1368747	51	729069	1368747	0.5326543
SUPER_220	0	1355833	17	239392	1355833	0.1765645
SUPER_221	0	1329177	28	381623	1329177	0.2871122
SUPER_222	0	1327378	42	330272	1327378	0.2488153
SUPER_223	0	1309541	33	582189	1309541	0.4445749
SUPER_224	0	1306270	67	739247	1306270	0.5659221
SUPER_225	0	1305320	29	447645	1305320	0.3429389
SUPER_226	0	1227247	21	279324	1227247	0.2276021
SUPER_227	0	1226658	44	514508	1226658	0.4194388
HAP1_SCAFFOLD_18	0	1033148	63	162510	1033148	0.1572960
HAP1_SCAFFOLD_59	0	697417	70	104970	697417	0.1505125
SCAFFOLD_Z1	0	666487	30	75199	666487	0.1128289
HAP1_SCAFFOLD_279	0	391214	20	33862	391214	0.0865562
HAP1_SCAFFOLD_281	0	382589	44	135186	382589	0.3533452
HAP1_SCAFFOLD_295	0	311000	12	27416	311000	0.0881543
SCAFFOLD_122	0	299995	3	13168	299995	0.0438941
HAP1_SCAFFOLD_299	0	280301	3	4992	280301	0.0178094
SCAFFOLD_81	0	267853	27	45858	267853	0.1712058
HAP1_SCAFFOLD_300	0	265205	2	33376	265205	0.1258498
HAP1_SCAFFOLD_302	0	258052	10	34832	258052	0.1349805
SCAFFOLD_82	0	230222	7	73502	230222	0.3192658
HAP1_SCAFFOLD_307	0	230000	3	17781	230000	0.0773087
SCAFFOLD_204	0	214282	15	17912	214282	0.0835908
HAP1_SCAFFOLD_312	0	205152	6	5926	205152	0.0288859
HAP1_SCAFFOLD_313	0	199219	2	11875	199219	0.0596078
HAP1_SCAFFOLD_317	0	189000	3	17835	189000	0.0943651
SUPER_32_unloc_1	0	184705	1	67229	184705	0.3639804
SCAFFOLD_114	0	182653	13	16927	182653	0.0926730
HAP1_SCAFFOLD_330	0	156000	2	10469	156000	0.0671090
HAP1_SCAFFOLD_337	0	148900	15	27702	148900	0.1860443
HAP1_SCAFFOLD_340	0	145841	3	4194	145841	0.0287573
HAP1_SCAFFOLD_342	0	141227	1	2300	141227	0.0162858
SCAFFOLD_134	0	139283	3	10114	139283	0.0726148
SCAFFOLD_188	0	139283	2	38786	139283	0.2784690
SCAFFOLD_218	0	139283	13	29119	139283	0.2090636
HAP1_SCAFFOLD_345	0	138823	2	4169	138823	0.0300310
HAP1_SCAFFOLD_353	0	123000	4	6541	123000	0.0531789
HAP1_SCAFFOLD_354	0	122246	9	24303	122246	0.1988041
HAP1_SCAFFOLD_359	0	114838	1	13356	114838	0.1163030
SCAFFOLD_212	0	108832	13	25063	108832	0.2302907
SCAFFOLD_113	0	108549	3	17932	108549	0.1651973
HAP1_SCAFFOLD_368	0	101698	4	28314	101698	0.2784126
HAP1_SCAFFOLD_369	0	101568	2	14507	101568	0.1428304
HAP1_SCAFFOLD_371	0	99175	2	1714	99175	0.0172826
SCAFFOLD_61	0	96427	1	3700	96427	0.0383710
HAP1_SCAFFOLD_380	0	93938	4	39135	93938	0.4166046
HAP1_SCAFFOLD_385	0	89000	2	2542	89000	0.0285618
HAP1_SCAFFOLD_386	0	88885	3	27847	88885	0.3132924
HAP1_SCAFFOLD_391	0	86631	3	9875	86631	0.1139892
HAP1_SCAFFOLD_392	0	85756	3	13022	85756	0.1518494
HAP1_SCAFFOLD_400	0	82060	5	18143	82060	0.2210943
HAP1_SCAFFOLD_403	0	80601	2	9115	80601	0.1130879
SCAFFOLD_17	0	74998	2	15526	74998	0.2070189
HAP1_SCAFFOLD_412	0	74674	1	12924	74674	0.1730723
HAP1_SCAFFOLD_414	0	74424	1	18844	74424	0.2531979
HAP1_SCAFFOLD_416	0	74000	1	29088	74000	0.3930811
HAP1_SCAFFOLD_419	0	73245	2	1877	73245	0.0256263
SCAFFOLD_11	0	71148	2	13300	71148	0.1869343
SCAFFOLD_142	0	70197	46	33247	70197	0.4736242
SCAFFOLD_133	0	69327	1	8020	69327	0.1156836
SCAFFOLD_12	0	68494	1	22642	68494	0.3305691
HAP1_SCAFFOLD_428	0	66856	1	11253	66856	0.1683170
SCAFFOLD_60	0	64284	3	32341	64284	0.5030956
SCAFFOLD_102	0	64284	0	0	64284	0.0000000
SCAFFOLD_191	0	64284	0	0	64284	0.0000000
HAP1_SCAFFOLD_436	0	64000	2	2248	64000	0.0351250
HAP1_SCAFFOLD_437	0	63963	1	22799	63963	0.3564405
HAP1_SCAFFOLD_441	0	62037	1	22186	62037	0.3576253
SCAFFOLD_91	0	60996	1	13040	60996	0.2137845
SCAFFOLD_157	0	60259	1	193	60259	0.0032028
SCAFFOLD_119	0	60098	7	9610	60098	0.1599055
HAP1_SCAFFOLD_446	0	58262	3	4011	58262	0.0688442
HAP1_SCAFFOLD_452	0	54651	3	28824	54651	0.5274194
SCAFFOLD_39	0	53626	2	11304	53626	0.2107933
SCAFFOLD_107	0	53570	1	29767	53570	0.5556655
HAP1_SCAFFOLD_457	0	53000	1	8417	53000	0.1588113
HAP1_SCAFFOLD_458	0	52000	1	23302	52000	0.4481154
HAP1_SCAFFOLD_459	0	51965	1	20763	51965	0.3995574
HAP1_SCAFFOLD_464	0	50000	1	267	50000	0.0053400
HAP1_SCAFFOLD_465	0	50000	1	16261	50000	0.3252200
HAP1_SCAFFOLD_466	0	49677	2	8741	49677	0.1759567
HAP1_SCAFFOLD_468	0	49340	0	0	49340	0.0000000
HAP1_SCAFFOLD_469	0	49119	2	229	49119	0.0046621
HAP1_SCAFFOLD_470	0	48935	3	918	48935	0.0187596
SCAFFOLD_195	0	46814	0	0	46814	0.0000000
SCAFFOLD_65	0	46174	6	21472	46174	0.4650236
HAP1_SCAFFOLD_476	0	44499	2	2214	44499	0.0497539
SCAFFOLD_7	0	43199	2	25184	43199	0.5829765
SCAFFOLD_85	0	42856	2	17310	42856	0.4039108
HAP1_SCAFFOLD_478	0	42756	1	9710	42756	0.2271026
SUPER_W1_unloc_1	0	42728	0	0	42728	0.0000000
SCAFFOLD_64	0	42143	4	12753	42143	0.3026125
SCAFFOLD_62	0	42026	0	0	42026	0.0000000
SCAFFOLD_225	0	41597	2	20188	41597	0.4853235
HAP1_SCAFFOLD_483	0	41405	1	26252	41405	0.6340297
SCAFFOLD_87	0	40740	3	16185	40740	0.3972754
SCAFFOLD_53	0	39788	0	0	39788	0.0000000
scaffold_192	0	39661	2	16850	39661	0.4248506
SUPER_W1_unloc_2	0	39000	3	9330	39000	0.2392308
HAP1_SCAFFOLD_488	0	38609	1	24118	38609	0.6246730
HAP1_SCAFFOLD_495	0	37405	2	25578	37405	0.6838123
HAP1_SCAFFOLD_496	0	37386	2	7035	37386	0.1881720
SCAFFOLD_186	0	37135	0	0	37135	0.0000000
SCAFFOLD_13	0	37066	0	0	37066	0.0000000
HAP1_SCAFFOLD_501	0	36181	1	13965	36181	0.3859761
HAP1_SCAFFOLD_505	0	35000	2	29992	35000	0.8569143
HAP1_SCAFFOLD_506	0	34942	1	12938	34942	0.3702707
HAP1_SCAFFOLD_507	0	34784	3	23100	34784	0.6640984
SUPER_W1_unloc_3	0	34355	4	8457	34355	0.2461650
SCAFFOLD_180	0	34178	1	34178	34178	1.0000000
HAP1_SCAFFOLD_511	0	34038	3	12985	34038	0.3814854
HAP1_SCAFFOLD_513	0	33950	0	0	33950	0.0000000
HAP1_SCAFFOLD_514	0	33899	0	0	33899	0.0000000
HAP1_SCAFFOLD_515	0	33894	1	27932	33894	0.8240986
SCAFFOLD_25	0	33789	4	2365	33789	0.0699932
SCAFFOLD_100	0	33787	1	15241	33787	0.4510907
HAP1_SCAFFOLD_516	0	33515	2	6996	33515	0.2087424
HAP1_SCAFFOLD_519	0	32909	5	14818	32909	0.4502720
HAP1_SCAFFOLD_520	0	32549	1	9981	32549	0.3066454
HAP1_SCAFFOLD_522	0	32268	1	24930	32268	0.7725921
HAP1_SCAFFOLD_294	0	32142	2	21196	32142	0.6594487
HAP1_SCAFFOLD_365	0	32142	2	6313	32142	0.1964097
HAP1_SCAFFOLD_377	0	32142	2	807	32142	0.0251073
SCAFFOLD_20	0	32142	0	0	32142	0.0000000
SCAFFOLD_94	0	32142	1	15752	32142	0.4900753
SCAFFOLD_202	0	32142	2	24181	32142	0.7523178
scaffold_212	0	31888	2	25004	31888	0.7841194
SCAFFOLD_57	0	31884	0	0	31884	0.0000000
HAP1_SCAFFOLD_529	0	31189	1	21853	31189	0.7006637
HAP1_SCAFFOLD_531	0	31014	2	5382	31014	0.1735345
HAP1_SCAFFOLD_537	0	30751	1	15347	30751	0.4990732
SCAFFOLD_168	0	30591	2	7358	30591	0.2405283
HAP1_SCAFFOLD_538	0	30548	0	0	30548	0.0000000
HAP1_SCAFFOLD_540	0	29930	0	0	29930	0.0000000
HAP1_SCAFFOLD_541	0	29820	1	3090	29820	0.1036217
HAP1_SCAFFOLD_542	0	29681	0	0	29681	0.0000000
HAP1_SCAFFOLD_544	0	29287	0	0	29287	0.0000000
HAP1_SCAFFOLD_545	0	29266	0	0	29266	0.0000000
HAP1_SCAFFOLD_547	0	29131	1	15539	29131	0.5334180
HAP1_SCAFFOLD_551	0	28774	2	17426	28774	0.6056162
HAP1_SCAFFOLD_552	0	28667	0	0	28667	0.0000000
HAP1_SCAFFOLD_553	0	28377	1	17697	28377	0.6236389
HAP1_SCAFFOLD_554	0	28279	2	7792	28279	0.2755401
HAP1_SCAFFOLD_556	0	28037	1	279	28037	0.0099511
HAP1_SCAFFOLD_558	0	27753	1	6604	27753	0.2379563
HAP1_SCAFFOLD_560	0	27526	0	0	27526	0.0000000
HAP1_SCAFFOLD_561	0	27136	2	15437	27136	0.5688753
HAP1_SCAFFOLD_562	0	27045	3	14950	27045	0.5527824
HAP1_SCAFFOLD_563	0	26979	1	11085	26979	0.4108751
HAP1_SCAFFOLD_565	0	26752	0	0	26752	0.0000000
HAP1_SCAFFOLD_566	0	26454	0	0	26454	0.0000000
HAP1_SCAFFOLD_568	0	25761	2	9365	25761	0.3635340
HAP1_SCAFFOLD_569	0	25637	0	0	25637	0.0000000
SCAFFOLD_72	0	25614	0	0	25614	0.0000000
SCAFFOLD_125	0	25579	1	14553	25579	0.5689433
HAP1_SCAFFOLD_571	0	25384	0	0	25384	0.0000000
HAP1_SCAFFOLD_572	0	25318	2	21075	25318	0.8324117
HAP1_SCAFFOLD_573	0	25267	1	225	25267	0.0089049
HAP1_SCAFFOLD_574	0	25200	2	5879	25200	0.2332937
SUPER_W1_unloc_4	0	25056	5	16538	25056	0.6600415
HAP1_SCAFFOLD_576	0	25013	0	0	25013	0.0000000
HAP1_SCAFFOLD_577	0	24991	1	6150	24991	0.2460886
HAP1_SCAFFOLD_578	0	24792	1	8663	24792	0.3494272
HAP1_SCAFFOLD_579	0	24720	0	0	24720	0.0000000
HAP1_SCAFFOLD_580	0	24505	0	0	24505	0.0000000
HAP1_SCAFFOLD_582	0	24402	0	0	24402	0.0000000
HAP1_SCAFFOLD_583	0	24320	1	15195	24320	0.6247944
HAP1_SCAFFOLD_584	0	24129	1	5409	24129	0.2241701
HAP1_SCAFFOLD_586	0	24029	1	24029	24029	1.0000000
HAP1_SCAFFOLD_587	0	23979	1	23979	23979	1.0000000
HAP1_SCAFFOLD_589	0	23588	1	1325	23588	0.0561726
HAP1_SCAFFOLD_590	0	23498	3	6927	23498	0.2947910
HAP1_SCAFFOLD_591	0	23276	1	10217	23276	0.4389500
HAP1_SCAFFOLD_592	0	23246	1	3897	23246	0.1676417
HAP1_SCAFFOLD_593	0	23084	0	0	23084	0.0000000
HAP1_SCAFFOLD_594	0	23057	1	11994	23057	0.5201891
HAP1_SCAFFOLD_595	0	22698	1	5815	22698	0.2561900
scaffold_145	0	22010	0	0	22010	0.0000000
HAP1_SCAFFOLD_596	0	21985	1	21985	21985	1.0000000
HAP1_SCAFFOLD_600	0	21618	2	10545	21618	0.4877880
SCAFFOLD_93	0	21428	1	5076	21428	0.2368863
SCAFFOLD_35	0	21258	1	8758	21258	0.4119861
HAP1_SCAFFOLD_604	0	21099	1	285	21099	0.0135077
HAP1_SCAFFOLD_605	0	21071	1	10637	21071	0.5048171
HAP1_SCAFFOLD_606	0	21000	1	870	21000	0.0414286
HAP1_SCAFFOLD_607	0	20992	4	11957	20992	0.5695980
HAP1_SCAFFOLD_609	0	20814	2	19205	20814	0.9226962
HAP1_SCAFFOLD_610	0	20697	3	8470	20697	0.4092380
HAP2_SCAFFOLD_7879	0	20687	1	1624	20687	0.0785034
HAP1_SCAFFOLD_611	0	20596	1	15623	20596	0.7585453
HAP1_SCAFFOLD_612	0	20149	1	14097	20149	0.6996377
HAP2_SCAFFOLD_8440	0	19972	1	17284	19972	0.8654116
HAP1_SCAFFOLD_614	0	19940	2	2088	19940	0.1047141
HAP1_SCAFFOLD_615	0	19892	0	0	19892	0.0000000
HAP1_SCAFFOLD_616	0	19820	0	0	19820	0.0000000
HAP1_SCAFFOLD_617	0	19800	4	3561	19800	0.1798485
HAP1_SCAFFOLD_618	0	19767	1	303	19767	0.0153286
HAP1_SCAFFOLD_619	0	19764	1	300	19764	0.0151791
HAP1_SCAFFOLD_620	0	19709	0	0	19709	0.0000000
HAP1_SCAFFOLD_621	0	19673	1	1808	19673	0.0919026
HAP1_SCAFFOLD_622	0	19643	0	0	19643	0.0000000
HAP1_SCAFFOLD_623	0	19524	1	19490	19524	0.9982585
HAP1_SCAFFOLD_624	0	19523	4	17654	19523	0.9042668
HAP1_SCAFFOLD_625	0	19522	1	5243	19522	0.2685688
HAP1_SCAFFOLD_626	0	19396	1	19396	19396	1.0000000
HAP1_SCAFFOLD_628	0	19354	0	0	19354	0.0000000
HAP1_SCAFFOLD_629	0	19269	0	0	19269	0.0000000
HAP1_SCAFFOLD_630	0	19195	0	0	19195	0.0000000
HAP1_SCAFFOLD_631	0	19184	3	9147	19184	0.4768036
HAP1_SCAFFOLD_632	0	19168	1	4085	19168	0.2131156
HAP1_SCAFFOLD_634	0	19125	3	14168	19125	0.7408105
HAP1_SCAFFOLD_635	0	19119	1	8124	19119	0.4249176
HAP1_SCAFFOLD_636	0	19091	0	0	19091	0.0000000
HAP1_SCAFFOLD_638	0	19006	2	271	19006	0.0142587
HAP1_SCAFFOLD_640	0	19000	2	817	19000	0.0430000
HAP1_SCAFFOLD_641	0	18964	0	0	18964	0.0000000
HAP1_SCAFFOLD_642	0	18952	1	806	18952	0.0425285
HAP1_SCAFFOLD_643	0	18907	1	3928	18907	0.2077537
SCAFFOLD_190	0	18765	0	0	18765	0.0000000
HAP1_SCAFFOLD_644	0	18754	0	0	18754	0.0000000
HAP1_SCAFFOLD_645	0	18703	0	0	18703	0.0000000
HAP1_SCAFFOLD_646	0	18673	2	16365	18673	0.8763991
HAP1_SCAFFOLD_648	0	18546	3	8175	18546	0.4407959
HAP1_SCAFFOLD_650	0	18404	0	0	18404	0.0000000
HAP1_SCAFFOLD_651	0	18377	2	1657	18377	0.0901671
HAP1_SCAFFOLD_652	0	18369	0	0	18369	0.0000000
HAP1_SCAFFOLD_653	0	18226	0	0	18226	0.0000000
HAP1_SCAFFOLD_654	0	18215	1	1885	18215	0.1034861
HAP1_SCAFFOLD_656	0	18196	0	0	18196	0.0000000
HAP1_SCAFFOLD_658	0	18107	1	417	18107	0.0230298
HAP1_SCAFFOLD_659	0	18104	1	702	18104	0.0387760
HAP1_SCAFFOLD_660	0	18005	1	11446	18005	0.6357123
HAP1_SCAFFOLD_661	0	17997	1	1925	17997	0.1069623
HAP1_SCAFFOLD_662	0	17959	1	7528	17959	0.4191770
HAP1_SCAFFOLD_664	0	17881	0	0	17881	0.0000000
HAP1_SCAFFOLD_665	0	17839	0	0	17839	0.0000000
HAP1_SCAFFOLD_666	0	17833	1	5576	17833	0.3126788
HAP1_SCAFFOLD_667	0	17798	1	17798	17798	1.0000000
HAP1_SCAFFOLD_668	0	17770	1	14278	17770	0.8034890
HAP1_SCAFFOLD_669	0	17729	0	0	17729	0.0000000
HAP1_SCAFFOLD_670	0	17729	1	13822	17729	0.7796266
HAP1_SCAFFOLD_671	0	17704	1	17704	17704	1.0000000
HAP1_SCAFFOLD_672	0	17666	1	9354	17666	0.5294917
HAP1_SCAFFOLD_673	0	17561	1	1915	17561	0.1090485
HAP1_SCAFFOLD_674	0	17411	1	17411	17411	1.0000000
HAP1_SCAFFOLD_675	0	17355	1	5825	17355	0.3356381
HAP1_SCAFFOLD_677	0	17294	0	0	17294	0.0000000
HAP1_SCAFFOLD_678	0	17283	1	1845	17283	0.1067523
HAP1_SCAFFOLD_679	0	17260	1	2816	17260	0.1631518
HAP1_SCAFFOLD_681	0	17216	0	0	17216	0.0000000
HAP1_SCAFFOLD_683	0	17130	0	0	17130	0.0000000
HAP1_SCAFFOLD_684	0	17127	0	0	17127	0.0000000
HAP1_SCAFFOLD_685	0	17119	2	17119	17119	1.0000000
HAP2_SCAFFOLD_11367	0	17097	1	17097	17097	1.0000000
HAP1_SCAFFOLD_686	0	17081	3	12436	17081	0.7280604
HAP1_SCAFFOLD_688	0	17045	1	10760	17045	0.6312702
HAP1_SCAFFOLD_690	0	16860	0	0	16860	0.0000000
HAP1_SCAFFOLD_692	0	16762	1	10426	16762	0.6220021
HAP1_SCAFFOLD_693	0	16754	10	8851	16754	0.5282918
HAP1_SCAFFOLD_694	0	16678	1	494	16678	0.0296199
HAP1_SCAFFOLD_695	0	16653	2	8775	16653	0.5269321
SUPER_W1_unloc_5	0	16477	3	2253	16477	0.1367361
HAP1_SCAFFOLD_698	0	16400	2	5569	16400	0.3395732
HAP1_SCAFFOLD_699	0	16360	0	0	16360	0.0000000
HAP1_SCAFFOLD_700	0	16343	0	0	16343	0.0000000
SUPER_W1_unloc_6	0	16288	0	0	16288	0.0000000
HAP1_SCAFFOLD_703	0	16286	0	0	16286	0.0000000
HAP1_SCAFFOLD_704	0	16175	0	0	16175	0.0000000
HAP1_SCAFFOLD_705	0	16145	1	9727	16145	0.6024776
HAP1_SCAFFOLD_706	0	16137	1	9690	16137	0.6004834
HAP1_SCAFFOLD_707	0	16126	2	3081	16126	0.1910579
HAP1_SCAFFOLD_708	0	16068	2	8987	16068	0.5593104
HAP1_SCAFFOLD_709	0	16000	0	0	16000	0.0000000
HAP1_SCAFFOLD_710	0	15964	1	5838	15964	0.3656978
HAP1_SCAFFOLD_711	0	15936	3	1226	15936	0.0769327
HAP1_SCAFFOLD_712	0	15910	1	9452	15910	0.5940918
HAP1_SCAFFOLD_713	0	15908	1	15908	15908	1.0000000
HAP1_SCAFFOLD_714	0	15894	1	14741	15894	0.9274569
HAP1_SCAFFOLD_715	0	15857	3	2157	15857	0.1360282
HAP1_SCAFFOLD_716	0	15839	1	14775	15839	0.9328240
HAP1_SCAFFOLD_717	0	15745	0	0	15745	0.0000000
HAP1_SCAFFOLD_718	0	15735	1	10654	15735	0.6770893
HAP1_SCAFFOLD_719	0	15713	0	0	15713	0.0000000
HAP1_SCAFFOLD_720	0	15663	1	4277	15663	0.2730639
HAP1_SCAFFOLD_721	0	15657	1	455	15657	0.0290605
HAP1_SCAFFOLD_722	0	15624	1	15624	15624	1.0000000
HAP1_SCAFFOLD_723	0	15570	2	1194	15570	0.0766859
HAP1_SCAFFOLD_724	0	15527	2	9599	15527	0.6182134
HAP1_SCAFFOLD_725	0	15461	0	0	15461	0.0000000
HAP1_SCAFFOLD_726	0	15439	1	15439	15439	1.0000000
HAP1_SCAFFOLD_728	0	15389	2	4710	15389	0.3060628
HAP1_SCAFFOLD_729	0	15324	0	0	15324	0.0000000
HAP1_SCAFFOLD_730	0	15322	2	10016	15322	0.6537006
HAP1_SCAFFOLD_732	0	15272	1	10484	15272	0.6864851
HAP1_SCAFFOLD_733	0	15210	0	0	15210	0.0000000
HAP1_SCAFFOLD_734	0	15187	0	0	15187	0.0000000
HAP2_SCAFFOLD_14116	0	15083	1	8045	15083	0.5333819
HAP1_SCAFFOLD_735	0	15039	2	14861	15039	0.9881641
HAP1_SCAFFOLD_736	0	15000	0	0	15000	0.0000000
HAP1_SCAFFOLD_737	0	14963	0	0	14963	0.0000000
HAP1_SCAFFOLD_738	0	14956	2	915	14956	0.0611795
HAP1_SCAFFOLD_739	0	14949	0	0	14949	0.0000000
HAP1_SCAFFOLD_740	0	14946	0	0	14946	0.0000000
HAP1_SCAFFOLD_741	0	14921	2	11901	14921	0.7976007
HAP1_SCAFFOLD_742	0	14910	0	0	14910	0.0000000
HAP1_SCAFFOLD_743	0	14867	1	14867	14867	1.0000000
HAP1_SCAFFOLD_744	0	14768	0	0	14768	0.0000000
HAP1_SCAFFOLD_745	0	14761	1	2355	14761	0.1595420
HAP1_SCAFFOLD_746	0	14738	2	2900	14738	0.1967703
HAP1_SCAFFOLD_747	0	14730	1	5481	14730	0.3720978
HAP1_SCAFFOLD_748	0	14497	1	435	14497	0.0300062
HAP1_SCAFFOLD_749	0	14461	1	4440	14461	0.3070327
HAP1_SCAFFOLD_750	0	14450	1	4633	14450	0.3206228
HAP1_SCAFFOLD_751	0	14384	6	1918	14384	0.1333426
HAP1_SCAFFOLD_752	0	14367	1	3189	14367	0.2219670
HAP2_SCAFFOLD_15281	0	14348	2	1915	14348	0.1334681
HAP1_SCAFFOLD_753	0	14287	1	4397	14287	0.3077623
HAP1_SCAFFOLD_754	0	14246	3	2925	14246	0.2053208
HAP1_SCAFFOLD_755	0	14196	1	13401	14196	0.9439983
HAP1_SCAFFOLD_756	0	14143	1	13991	14143	0.9892526
HAP1_SCAFFOLD_757	0	14116	0	0	14116	0.0000000
HAP1_SCAFFOLD_758	0	14070	1	4182	14070	0.2972282
HAP1_SCAFFOLD_759	0	14064	0	0	14064	0.0000000
HAP1_SCAFFOLD_760	0	14005	1	415	14005	0.0296323
HAP1_SCAFFOLD_761	0	13990	1	5451	13990	0.3896354
HAP1_SCAFFOLD_762	0	13942	0	0	13942	0.0000000
HAP1_SCAFFOLD_763	0	13906	0	0	13906	0.0000000
HAP1_SCAFFOLD_764	0	13707	0	0	13707	0.0000000
HAP1_SCAFFOLD_765	0	13545	1	9394	13545	0.6935400
HAP1_SCAFFOLD_766	0	13421	0	0	13421	0.0000000
HAP1_SCAFFOLD_767	0	13385	1	12606	13385	0.9418005
HAP1_SCAFFOLD_768	0	13382	1	8478	13382	0.6335376
HAP1_SCAFFOLD_769	0	13335	1	1275	13335	0.0956130
HAP1_SCAFFOLD_770	0	13197	0	0	13197	0.0000000
HAP1_SCAFFOLD_771	0	13192	1	419	13192	0.0317617
HAP1_SCAFFOLD_772	0	13149	1	7586	13149	0.5769260
HAP1_SCAFFOLD_773	0	13106	1	10673	13106	0.8143598
HAP1_SCAFFOLD_774	0	13091	2	606	13091	0.0462913
HAP1_SCAFFOLD_775	0	13065	2	1556	13065	0.1190968
HAP1_SCAFFOLD_776	0	13063	0	0	13063	0.0000000
HAP1_SCAFFOLD_777	0	13062	2	75	13062	0.0057418
HAP1_SCAFFOLD_778	0	13035	0	0	13035	0.0000000
HAP1_SCAFFOLD_779	0	13000	0	0	13000	0.0000000
HAP1_SCAFFOLD_780	0	13000	1	6033	13000	0.4640769
HAP1_SCAFFOLD_781	0	12993	0	0	12993	0.0000000
HAP1_SCAFFOLD_782	0	12976	0	0	12976	0.0000000
HAP1_SCAFFOLD_783	0	12975	1	1802	12975	0.1388825
HAP1_SCAFFOLD_784	0	12966	0	0	12966	0.0000000
HAP1_SCAFFOLD_785	0	12953	0	0	12953	0.0000000
HAP1_SCAFFOLD_786	0	12940	0	0	12940	0.0000000
HAP1_SCAFFOLD_787	0	12931	1	10127	12931	0.7831568
HAP1_SCAFFOLD_788	0	12905	0	0	12905	0.0000000
HAP1_SCAFFOLD_789	0	12872	0	0	12872	0.0000000
HAP1_SCAFFOLD_790	0	12821	0	0	12821	0.0000000
HAP1_SCAFFOLD_791	0	12756	3	6332	12756	0.4963939
HAP1_SCAFFOLD_792	0	12735	1	12735	12735	1.0000000
HAP1_SCAFFOLD_793	0	12714	1	12714	12714	1.0000000
HAP1_SCAFFOLD_794	0	12702	0	0	12702	0.0000000
HAP1_SCAFFOLD_795	0	12571	0	0	12571	0.0000000
HAP1_SCAFFOLD_796	0	12562	2	10810	12562	0.8605317
HAP1_SCAFFOLD_797	0	12545	3	6009	12545	0.4789956
HAP1_SCAFFOLD_798	0	12528	1	4465	12528	0.3564017
HAP1_SCAFFOLD_799	0	12516	2	6996	12516	0.5589646
HAP1_SCAFFOLD_800	0	12360	1	1659	12360	0.1342233
HAP1_SCAFFOLD_801	0	12359	2	7221	12359	0.5842706
HAP1_SCAFFOLD_802	0	12338	1	12338	12338	1.0000000
HAP1_SCAFFOLD_803	0	12327	1	9135	12327	0.7410562
HAP1_SCAFFOLD_804	0	12300	1	12300	12300	1.0000000
HAP1_SCAFFOLD_805	0	12197	2	696	12197	0.0570632
HAP1_SCAFFOLD_806	0	12170	2	11280	12170	0.9268693
HAP1_SCAFFOLD_807	0	12074	1	9781	12074	0.8100878
HAP1_SCAFFOLD_808	0	12000	0	0	12000	0.0000000
HAP1_SCAFFOLD_809	0	11935	0	0	11935	0.0000000
HAP1_SCAFFOLD_810	0	11890	2	2672	11890	0.2247267
HAP1_SCAFFOLD_811	0	11853	1	2615	11853	0.2206192
HAP1_SCAFFOLD_812	0	11840	1	11701	11840	0.9882601
HAP1_SCAFFOLD_813	0	11823	1	5624	11823	0.4756830
HAP1_SCAFFOLD_814	0	11811	1	4535	11811	0.3839641
HAP1_SCAFFOLD_815	0	11710	1	9651	11710	0.8241674
HAP1_SCAFFOLD_816	0	11708	0	0	11708	0.0000000
HAP1_SCAFFOLD_817	0	11597	1	11597	11597	1.0000000
HAP1_SCAFFOLD_818	0	11574	1	11574	11574	1.0000000
HAP1_SCAFFOLD_819	0	11454	1	11454	11454	1.0000000
HAP1_SCAFFOLD_820	0	11341	1	11341	11341	1.0000000
HAP1_SCAFFOLD_821	0	11338	1	10901	11338	0.9614571
HAP1_SCAFFOLD_822	0	11326	0	0	11326	0.0000000
HAP1_SCAFFOLD_823	0	11314	0	0	11314	0.0000000
HAP1_SCAFFOLD_825	0	11108	0	0	11108	0.0000000
SCAFFOLD_173	0	11051	1	712	11051	0.0644286
HAP1_SCAFFOLD_826	0	11043	1	9906	11043	0.8970389
HAP1_SCAFFOLD_827	0	11018	0	0	11018	0.0000000
HAP1_SCAFFOLD_828	0	11006	0	0	11006	0.0000000
HAP1_SCAFFOLD_829	0	10986	1	1010	10986	0.0919352
HAP1_SCAFFOLD_830	0	10979	1	473	10979	0.0430822
HAP1_SCAFFOLD_831	0	10913	1	7701	10913	0.7056721
HAP1_SCAFFOLD_832	0	10838	0	0	10838	0.0000000
HAP1_SCAFFOLD_833	0	10665	0	0	10665	0.0000000
HAP1_SCAFFOLD_834	0	10555	2	3199	10555	0.3030791
HAP1_SCAFFOLD_835	0	10295	1	4076	10295	0.3959203
HAP1_SCAFFOLD_836	0	10265	1	456	10265	0.0444228
HAP1_SCAFFOLD_837	0	10264	0	0	10264	0.0000000
HAP1_SCAFFOLD_838	0	10220	1	10220	10220	1.0000000
HAP1_SCAFFOLD_839	0	10163	1	2829	10163	0.2783627
HAP1_SCAFFOLD_840	0	10154	0	0	10154	0.0000000
HAP1_SCAFFOLD_841	0	10090	1	5976	10090	0.5922696
HAP1_SCAFFOLD_842	0	10052	0	0	10052	0.0000000
HAP1_SCAFFOLD_843	0	9971	1	9971	9971	1.0000000
HAP1_SCAFFOLD_844	0	9893	0	0	9893	0.0000000
HAP1_SCAFFOLD_845	0	9863	1	6733	9863	0.6826524
HAP1_SCAFFOLD_846	0	9850	0	0	9850	0.0000000
HAP1_SCAFFOLD_847	0	9766	0	0	9766	0.0000000
HAP1_SCAFFOLD_848	0	9742	0	0	9742	0.0000000
HAP1_SCAFFOLD_849	0	9183	1	8458	9183	0.9210498
HAP1_SCAFFOLD_850	0	9110	1	2992	9110	0.3284303
HAP1_SCAFFOLD_851	0	8984	1	8984	8984	1.0000000
HAP1_SCAFFOLD_852	0	8843	0	0	8843	0.0000000
HAP1_SCAFFOLD_853	0	7941	1	7897	7941	0.9944592
HAP1_SCAFFOLD_854	0	5000	0	0	5000	0.0000000
HAP1_SCAFFOLD_855	0	1000	0	0	1000	0.0000000
HAP1_SCAFFOLD_856	0	1000	0	0	1000	0.0000000
HAP1_SCAFFOLD_857	0	1000	0	0	1000	0.0000000
HAP1_SCAFFOLD_858	0	1000	0	0	1000	0.0000000
HAP1_SCAFFOLD_859	0	1000	0	0	1000	0.0000000
HAP1_SCAFFOLD_860	0	1000	1	986	1000	0.9860000
HAP1_SCAFFOLD_861	0	1000	0	0	1000	0.0000000
HAP1_SCAFFOLD_862	0	1000	0	0	1000	0.0000000
