SUPER_W1	0	1000000	31	342405	1000000	0.3424050
SUPER_W1	1000000	2000000	36	410286	1000000	0.4102860
SUPER_W1	2000000	3000000	33	221075	1000000	0.2210750
SUPER_W1	3000000	4000000	16	238035	1000000	0.2380350
SUPER_W1	4000000	5000000	37	307651	1000000	0.3076510
SUPER_W1	5000000	6000000	24	260606	1000000	0.2606060
SUPER_W1	6000000	7000000	27	326655	1000000	0.3266550
SUPER_W1	7000000	8000000	14	44078	1000000	0.0440780
SUPER_W1	8000000	9000000	22	193462	1000000	0.1934620
SUPER_W1	9000000	10000000	39	260387	1000000	0.2603870
SUPER_W1	10000000	11000000	18	132581	1000000	0.1325810
SUPER_W1	11000000	12000000	24	277935	1000000	0.2779350
SUPER_W1	12000000	13000000	22	114086	1000000	0.1140860
SUPER_W1	13000000	14000000	33	209806	1000000	0.2098060
SUPER_W1	14000000	15000000	28	180053	1000000	0.1800530
SUPER_W1	15000000	16000000	26	50321	1000000	0.0503210
SUPER_W1	16000000	17000000	41	173876	1000000	0.1738760
SUPER_W1	17000000	18000000	20	184275	1000000	0.1842750
SUPER_W1	18000000	19000000	17	158476	1000000	0.1584760
SUPER_W1	19000000	20000000	49	189565	1000000	0.1895650
SUPER_W1	20000000	21000000	21	70966	1000000	0.0709660
SUPER_W1	21000000	22000000	21	94074	1000000	0.0940740
SUPER_W1	22000000	23000000	20	310477	1000000	0.3104770
SUPER_W1	23000000	24000000	39	46007	1000000	0.0460070
SUPER_W1	24000000	25000000	16	56960	1000000	0.0569600
SUPER_W1	25000000	26000000	13	62288	1000000	0.0622880
SUPER_W1	26000000	27000000	32	118821	1000000	0.1188210
SUPER_W1	27000000	28000000	22	179811	1000000	0.1798110
SUPER_W1	28000000	29000000	62	158440	1000000	0.1584400
SUPER_W1	29000000	30000000	34	212111	1000000	0.2121110
SUPER_W1	30000000	31000000	37	426575	1000000	0.4265750
SUPER_W1	31000000	32000000	23	255465	1000000	0.2554650
SUPER_W1	32000000	33000000	22	59391	1000000	0.0593910
SUPER_W1	33000000	34000000	34	232112	1000000	0.2321120
SUPER_W1	34000000	35000000	19	360622	1000000	0.3606220
SUPER_W1	35000000	36000000	26	231640	1000000	0.2316400
SUPER_W1	36000000	37000000	30	206645	1000000	0.2066450
SUPER_W1	37000000	38000000	37	150889	1000000	0.1508890
SUPER_W1	38000000	39000000	33	252499	1000000	0.2524990
SUPER_W1	39000000	40000000	36	145617	1000000	0.1456170
SUPER_W1	40000000	41000000	30	185632	1000000	0.1856320
SUPER_W1	41000000	42000000	30	124517	1000000	0.1245170
SUPER_W1	42000000	43000000	13	170415	1000000	0.1704150
SUPER_W1	43000000	44000000	26	194984	1000000	0.1949840
SUPER_W1	44000000	45000000	11	64198	1000000	0.0641980
SUPER_W1	45000000	46000000	36	205923	1000000	0.2059230
SUPER_W1	46000000	47000000	46	314336	1000000	0.3143360
SUPER_W1	47000000	48000000	17	196351	1000000	0.1963510
SUPER_W1	48000000	49000000	33	138672	1000000	0.1386720
SUPER_W1	49000000	50000000	18	31008	1000000	0.0310080
SUPER_W1	50000000	51000000	19	228562	1000000	0.2285620
SUPER_W1	51000000	52000000	28	344134	1000000	0.3441340
SUPER_W1	52000000	53000000	30	213177	1000000	0.2131770
SUPER_W1	53000000	54000000	17	81802	1000000	0.0818020
SUPER_W1	54000000	55000000	28	230900	1000000	0.2309000
SUPER_W1	55000000	56000000	35	177816	1000000	0.1778160
SUPER_W1	56000000	57000000	34	169918	1000000	0.1699180
SUPER_W1	57000000	58000000	28	338168	1000000	0.3381680
SUPER_W1	58000000	59000000	29	131423	1000000	0.1314230
SUPER_W1	59000000	60000000	13	66001	1000000	0.0660010
SUPER_W1	60000000	61000000	34	343487	1000000	0.3434870
SUPER_W1	61000000	62000000	31	262994	1000000	0.2629940
SUPER_W1	62000000	63000000	31	301956	1000000	0.3019560
SUPER_W1	63000000	64000000	27	136664	1000000	0.1366640
SUPER_W1	64000000	65000000	31	218486	1000000	0.2184860
SUPER_W1	65000000	65809200	38	158955	809200	0.1964348
SUPER_Z1	0	1000000	22	276691	1000000	0.2766910
SUPER_Z1	1000000	2000000	26	430685	1000000	0.4306850
SUPER_Z1	2000000	3000000	19	521491	1000000	0.5214910
SUPER_Z1	3000000	4000000	15	306175	1000000	0.3061750
SUPER_Z1	4000000	5000000	17	364384	1000000	0.3643840
SUPER_Z1	5000000	6000000	15	293344	1000000	0.2933440
SUPER_Z1	6000000	7000000	16	101094	1000000	0.1010940
SUPER_Z1	7000000	8000000	14	401931	1000000	0.4019310
SUPER_Z1	8000000	9000000	36	396084	1000000	0.3960840
SUPER_Z1	9000000	10000000	27	367951	1000000	0.3679510
SUPER_Z1	10000000	11000000	15	334712	1000000	0.3347120
SUPER_Z1	11000000	12000000	22	431333	1000000	0.4313330
SUPER_Z1	12000000	13000000	25	611727	1000000	0.6117270
SUPER_Z1	13000000	14000000	21	233725	1000000	0.2337250
SUPER_Z1	14000000	15000000	21	412431	1000000	0.4124310
SUPER_Z1	15000000	16000000	29	385876	1000000	0.3858760
SUPER_Z1	16000000	17000000	32	473861	1000000	0.4738610
SUPER_Z1	17000000	18000000	20	385340	1000000	0.3853400
SUPER_Z1	18000000	19000000	26	429725	1000000	0.4297250
SUPER_Z1	19000000	20000000	27	452757	1000000	0.4527570
SUPER_Z1	20000000	21000000	30	489388	1000000	0.4893880
SUPER_Z1	21000000	22000000	26	365252	1000000	0.3652520
SUPER_Z1	22000000	23000000	19	480221	1000000	0.4802210
SUPER_Z1	23000000	24000000	27	361150	1000000	0.3611500
SUPER_Z1	24000000	25000000	20	374401	1000000	0.3744010
SUPER_Z1	25000000	26000000	12	221291	1000000	0.2212910
SUPER_Z1	26000000	27000000	38	481841	1000000	0.4818410
SUPER_Z1	27000000	28000000	25	501860	1000000	0.5018600
SUPER_Z1	28000000	29000000	42	310626	1000000	0.3106260
SUPER_Z1	29000000	30000000	19	261197	1000000	0.2611970
SUPER_Z1	30000000	31000000	20	404096	1000000	0.4040960
SUPER_Z1	31000000	32000000	28	380193	1000000	0.3801930
SUPER_Z1	32000000	33000000	24	139272	1000000	0.1392720
SUPER_Z1	33000000	34000000	27	490957	1000000	0.4909570
SUPER_Z1	34000000	35000000	29	461324	1000000	0.4613240
SUPER_Z1	35000000	36000000	22	275260	1000000	0.2752600
SUPER_Z1	36000000	37000000	17	305583	1000000	0.3055830
SUPER_Z1	37000000	38000000	29	326759	1000000	0.3267590
SUPER_Z1	38000000	39000000	69	368197	1000000	0.3681970
SUPER_Z1	39000000	40000000	40	404765	1000000	0.4047650
SUPER_Z1	40000000	41000000	22	226501	1000000	0.2265010
SUPER_Z1	41000000	42000000	14	238321	1000000	0.2383210
SUPER_Z1	42000000	43000000	26	372258	1000000	0.3722580
SUPER_Z1	43000000	44000000	28	300492	1000000	0.3004920
SUPER_Z1	44000000	45000000	39	350022	1000000	0.3500220
SUPER_Z1	45000000	46000000	36	337644	1000000	0.3376440
SUPER_Z1	46000000	46229683	4	115803	229683	0.5041862
SUPER_Z2	0	1000000	58	492325	1000000	0.4923250
SUPER_Z2	1000000	2000000	40	385664	1000000	0.3856640
SUPER_Z2	2000000	3000000	10	184612	1000000	0.1846120
SUPER_Z2	3000000	4000000	21	110811	1000000	0.1108110
SUPER_Z2	4000000	5000000	49	326794	1000000	0.3267940
SUPER_Z2	5000000	6000000	28	327308	1000000	0.3273080
SUPER_Z2	6000000	7000000	33	326497	1000000	0.3264970
SUPER_Z2	7000000	8000000	39	204022	1000000	0.2040220
SUPER_Z2	8000000	9000000	17	292552	1000000	0.2925520
SUPER_Z2	9000000	10000000	8	51227	1000000	0.0512270
SUPER_Z2	10000000	11000000	23	318306	1000000	0.3183060
SUPER_Z2	11000000	12000000	13	23422	1000000	0.0234220
SUPER_Z2	12000000	13000000	18	87368	1000000	0.0873680
SUPER_Z2	13000000	14000000	35	385625	1000000	0.3856250
SUPER_Z2	14000000	15000000	21	223828	1000000	0.2238280
SUPER_Z2	15000000	16000000	29	415644	1000000	0.4156440
SUPER_Z2	16000000	17000000	25	175006	1000000	0.1750060
SUPER_Z2	17000000	18000000	27	372806	1000000	0.3728060
SUPER_Z2	18000000	19000000	28	444645	1000000	0.4446450
SUPER_Z2	19000000	20000000	33	257122	1000000	0.2571220
SUPER_Z2	20000000	21000000	22	262430	1000000	0.2624300
SUPER_Z2	21000000	22000000	18	405488	1000000	0.4054880
SUPER_Z2	22000000	23000000	15	183926	1000000	0.1839260
SUPER_Z2	23000000	24000000	29	192620	1000000	0.1926200
SUPER_Z2	24000000	25000000	36	542023	1000000	0.5420230
SUPER_Z2	25000000	25546431	14	173222	546431	0.3170062
SUPER_1	0	1000000	32	344744	1000000	0.3447440
SUPER_1	1000000	2000000	26	357687	1000000	0.3576870
SUPER_1	2000000	3000000	21	431591	1000000	0.4315910
SUPER_1	3000000	4000000	49	575007	1000000	0.5750070
SUPER_1	4000000	5000000	46	300733	1000000	0.3007330
SUPER_1	5000000	5890230	33	351881	890230	0.3952698
SUPER_2	0	1000000	37	350099	1000000	0.3500990
SUPER_2	1000000	2000000	48	300848	1000000	0.3008480
SUPER_2	2000000	3000000	28	328990	1000000	0.3289900
SUPER_2	3000000	4000000	37	294533	1000000	0.2945330
SUPER_2	4000000	5000000	48	317266	1000000	0.3172660
SUPER_2	5000000	5175884	9	116071	175884	0.6599293
SUPER_W2	0	1000000	64	488648	1000000	0.4886480
SUPER_W2	1000000	2000000	34	485659	1000000	0.4856590
SUPER_W2	2000000	3000000	18	88788	1000000	0.0887880
SUPER_W2	3000000	4000000	21	117950	1000000	0.1179500
SUPER_W2	4000000	4527220	10	125909	527220	0.2388168
SUPER_3	0	1000000	43	522712	1000000	0.5227120
SUPER_3	1000000	2000000	17	372533	1000000	0.3725330
SUPER_3	2000000	3000000	16	292349	1000000	0.2923490
SUPER_3	3000000	4000000	18	139627	1000000	0.1396270
SUPER_3	4000000	4446736	10	86600	446736	0.1938505
SUPER_4	0	1000000	39	232320	1000000	0.2323200
SUPER_4	1000000	2000000	29	243098	1000000	0.2430980
SUPER_4	2000000	3000000	20	219229	1000000	0.2192290
SUPER_4	3000000	4000000	42	181821	1000000	0.1818210
SUPER_4	4000000	4414297	10	248811	414297	0.6005619
SUPER_5	0	1000000	27	333163	1000000	0.3331630
SUPER_5	1000000	2000000	21	164734	1000000	0.1647340
SUPER_5	2000000	3000000	38	204636	1000000	0.2046360
SUPER_5	3000000	4000000	21	292308	1000000	0.2923080
SUPER_5	4000000	4397140	8	112611	397140	0.2835549
SUPER_6	0	1000000	28	416131	1000000	0.4161310
SUPER_6	1000000	2000000	6	138552	1000000	0.1385520
SUPER_6	2000000	3000000	9	139055	1000000	0.1390550
SUPER_6	3000000	4000000	36	494178	1000000	0.4941780
SUPER_6	4000000	4289929	21	138202	289929	0.4766753
SUPER_7	0	1000000	40	392332	1000000	0.3923320
SUPER_7	1000000	2000000	10	325018	1000000	0.3250180
SUPER_7	2000000	3000000	10	53706	1000000	0.0537060
SUPER_7	3000000	4000000	29	216668	1000000	0.2166680
SUPER_7	4000000	4252064	15	119381	252064	0.4736139
SUPER_8	0	1000000	47	412856	1000000	0.4128560
SUPER_8	1000000	2000000	42	315371	1000000	0.3153710
SUPER_8	2000000	3000000	29	376853	1000000	0.3768530
SUPER_8	3000000	4000000	19	220616	1000000	0.2206160
SUPER_8	4000000	4031690	1	8635	31690	0.2724834
SUPER_9	0	1000000	26	300105	1000000	0.3001050
SUPER_9	1000000	2000000	25	313800	1000000	0.3138000
SUPER_9	2000000	3000000	18	251700	1000000	0.2517000
SUPER_9	3000000	3992948	24	208996	992948	0.2104803
SUPER_10	0	1000000	40	607824	1000000	0.6078240
SUPER_10	1000000	2000000	20	216618	1000000	0.2166180
SUPER_10	2000000	3000000	31	227386	1000000	0.2273860
SUPER_10	3000000	3824980	22	154369	824980	0.1871185
SUPER_11	0	1000000	50	483893	1000000	0.4838930
SUPER_11	1000000	2000000	12	150508	1000000	0.1505080
SUPER_11	2000000	3000000	15	266517	1000000	0.2665170
SUPER_11	3000000	3713153	23	292478	713153	0.4101196
SUPER_12	0	1000000	55	404988	1000000	0.4049880
SUPER_12	1000000	2000000	23	339303	1000000	0.3393030
SUPER_12	2000000	3000000	38	387601	1000000	0.3876010
SUPER_12	3000000	3630226	19	245187	630226	0.3890462
SUPER_13	0	1000000	20	251344	1000000	0.2513440
SUPER_13	1000000	2000000	10	116534	1000000	0.1165340
SUPER_13	2000000	3000000	14	616260	1000000	0.6162600
SUPER_13	3000000	3492806	13	164052	492806	0.3328937
SUPER_14	0	1000000	23	376095	1000000	0.3760950
SUPER_14	1000000	2000000	37	381233	1000000	0.3812330
SUPER_14	2000000	3000000	46	390155	1000000	0.3901550
SUPER_14	3000000	3492751	13	240104	492751	0.4872725
SUPER_15	0	1000000	33	364879	1000000	0.3648790
SUPER_15	1000000	2000000	21	172592	1000000	0.1725920
SUPER_15	2000000	3000000	35	420895	1000000	0.4208950
SUPER_15	3000000	3480474	24	222247	480474	0.4625578
SUPER_16	0	1000000	73	413208	1000000	0.4132080
SUPER_16	1000000	2000000	52	387695	1000000	0.3876950
SUPER_16	2000000	3000000	29	357331	1000000	0.3573310
SUPER_16	3000000	3463862	22	137978	463862	0.2974548
SUPER_17	0	1000000	18	325475	1000000	0.3254750
SUPER_17	1000000	2000000	38	426535	1000000	0.4265350
SUPER_17	2000000	3000000	25	234460	1000000	0.2344600
SUPER_17	3000000	3393147	14	168670	393147	0.4290253
SUPER_18	0	1000000	33	302466	1000000	0.3024660
SUPER_18	1000000	2000000	28	394406	1000000	0.3944060
SUPER_18	2000000	3000000	30	245290	1000000	0.2452900
SUPER_18	3000000	3363326	8	137877	363326	0.3794856
SUPER_19	0	1000000	36	482279	1000000	0.4822790
SUPER_19	1000000	2000000	34	319476	1000000	0.3194760
SUPER_19	2000000	3000000	30	330505	1000000	0.3305050
SUPER_19	3000000	3357405	6	181662	357405	0.5082805
SUPER_20	0	1000000	8	81962	1000000	0.0819620
SUPER_20	1000000	2000000	20	327632	1000000	0.3276320
SUPER_20	2000000	3000000	38	527633	1000000	0.5276330
SUPER_20	3000000	3350989	17	203347	350989	0.5793543
SUPER_21	0	1000000	17	404154	1000000	0.4041540
SUPER_21	1000000	2000000	37	501964	1000000	0.5019640
SUPER_21	2000000	3000000	26	209307	1000000	0.2093070
SUPER_21	3000000	3341271	3	19962	341271	0.0584931
SUPER_22	0	1000000	31	374678	1000000	0.3746780
SUPER_22	1000000	2000000	45	373116	1000000	0.3731160
SUPER_22	2000000	3000000	30	273589	1000000	0.2735890
SUPER_22	3000000	3339067	10	85770	339067	0.2529589
SUPER_23	0	1000000	20	239630	1000000	0.2396300
SUPER_23	1000000	2000000	64	510359	1000000	0.5103590
SUPER_23	2000000	3000000	37	423386	1000000	0.4233860
SUPER_23	3000000	3326143	7	103172	326143	0.3163398
SUPER_24	0	1000000	13	451688	1000000	0.4516880
SUPER_24	1000000	2000000	25	248237	1000000	0.2482370
SUPER_24	2000000	3000000	23	422683	1000000	0.4226830
SUPER_24	3000000	3298124	2	63163	298124	0.2118682
SUPER_25	0	1000000	54	328896	1000000	0.3288960
SUPER_25	1000000	2000000	44	454422	1000000	0.4544220
SUPER_25	2000000	3000000	31	330991	1000000	0.3309910
SUPER_25	3000000	3291467	7	127225	291467	0.4364988
SUPER_26	0	1000000	29	460122	1000000	0.4601220
SUPER_26	1000000	2000000	36	290752	1000000	0.2907520
SUPER_26	2000000	3000000	32	442917	1000000	0.4429170
SUPER_26	3000000	3266596	8	46373	266596	0.1739448
SUPER_27	0	1000000	9	170101	1000000	0.1701010
SUPER_27	1000000	2000000	15	255136	1000000	0.2551360
SUPER_27	2000000	3000000	18	278250	1000000	0.2782500
SUPER_27	3000000	3262183	7	54113	262183	0.2063940
SUPER_28	0	1000000	18	113060	1000000	0.1130600
SUPER_28	1000000	2000000	23	368604	1000000	0.3686040
SUPER_28	2000000	3000000	38	360033	1000000	0.3600330
SUPER_28	3000000	3241657	12	93039	241657	0.3850044
SUPER_29	0	1000000	44	418465	1000000	0.4184650
SUPER_29	1000000	2000000	32	380072	1000000	0.3800720
SUPER_29	2000000	3000000	23	301338	1000000	0.3013380
SUPER_29	3000000	3216653	9	51369	216653	0.2371026
SUPER_30	0	1000000	18	495574	1000000	0.4955740
SUPER_30	1000000	2000000	20	384510	1000000	0.3845100
SUPER_30	2000000	3000000	19	245342	1000000	0.2453420
SUPER_30	3000000	3183653	3	12283	183653	0.0668816
SUPER_31	0	1000000	28	318992	1000000	0.3189920
SUPER_31	1000000	2000000	45	540616	1000000	0.5406160
SUPER_31	2000000	3000000	18	154239	1000000	0.1542390
SUPER_31	3000000	3181881	4	49831	181881	0.2739758
SUPER_32	0	1000000	29	309176	1000000	0.3091760
SUPER_32	1000000	2000000	29	389267	1000000	0.3892670
SUPER_32	2000000	3000000	22	466140	1000000	0.4661400
SUPER_32	3000000	3149475	3	40263	149475	0.2693628
SUPER_33	0	1000000	44	425818	1000000	0.4258180
SUPER_33	1000000	2000000	50	533694	1000000	0.5336940
SUPER_33	2000000	3000000	47	442206	1000000	0.4422060
SUPER_33	3000000	3142333	5	71987	142333	0.5057647
SUPER_34	0	1000000	26	225279	1000000	0.2252790
SUPER_34	1000000	2000000	28	265492	1000000	0.2654920
SUPER_34	2000000	3000000	21	280031	1000000	0.2800310
SUPER_34	3000000	3136945	5	89368	136945	0.6525832
SUPER_35	0	1000000	20	238353	1000000	0.2383530
SUPER_35	1000000	2000000	13	326518	1000000	0.3265180
SUPER_35	2000000	3000000	17	207513	1000000	0.2075130
SUPER_35	3000000	3092612	2	5405	92612	0.0583618
SUPER_36	0	1000000	26	313931	1000000	0.3139310
SUPER_36	1000000	2000000	22	333665	1000000	0.3336650
SUPER_36	2000000	3000000	31	364691	1000000	0.3646910
SUPER_36	3000000	3089641	1	3209	89641	0.0357984
SUPER_37	0	1000000	43	300845	1000000	0.3008450
SUPER_37	1000000	2000000	20	157424	1000000	0.1574240
SUPER_37	2000000	3000000	18	167502	1000000	0.1675020
SUPER_37	3000000	3086086	0	0	86086	0.0000000
SUPER_38	0	1000000	22	282548	1000000	0.2825480
SUPER_38	1000000	2000000	76	299712	1000000	0.2997120
SUPER_38	2000000	3000000	42	381641	1000000	0.3816410
SUPER_38	3000000	3076717	3	63801	76717	0.8316410
SUPER_39	0	1000000	64	481784	1000000	0.4817840
SUPER_39	1000000	2000000	44	413897	1000000	0.4138970
SUPER_39	2000000	3000000	22	222958	1000000	0.2229580
SUPER_39	3000000	3074137	1	34281	74137	0.4624007
SUPER_40	0	1000000	38	463491	1000000	0.4634910
SUPER_40	1000000	2000000	36	407434	1000000	0.4074340
SUPER_40	2000000	3000000	55	297243	1000000	0.2972430
SUPER_40	3000000	3036511	2	3172	36511	0.0868779
SUPER_41	0	1000000	21	474767	1000000	0.4747670
SUPER_41	1000000	2000000	19	420534	1000000	0.4205340
SUPER_41	2000000	3000000	33	291659	1000000	0.2916590
SUPER_41	3000000	3031668	2	6516	31668	0.2057598
SUPER_42	0	1000000	31	440699	1000000	0.4406990
SUPER_42	1000000	2000000	38	494871	1000000	0.4948710
SUPER_42	2000000	3000000	67	510200	1000000	0.5102000
SUPER_42	3000000	3026141	1	20690	26141	0.7914770
SUPER_43	0	1000000	27	231056	1000000	0.2310560
SUPER_43	1000000	2000000	15	97720	1000000	0.0977200
SUPER_43	2000000	2998494	13	147968	998494	0.1481912
SUPER_44	0	1000000	17	369742	1000000	0.3697420
SUPER_44	1000000	2000000	44	339559	1000000	0.3395590
SUPER_44	2000000	2989242	28	265776	989242	0.2686663
SUPER_45	0	1000000	20	392781	1000000	0.3927810
SUPER_45	1000000	2000000	49	442504	1000000	0.4425040
SUPER_45	2000000	2939453	18	462843	939453	0.4926729
SUPER_46	0	1000000	24	218479	1000000	0.2184790
SUPER_46	1000000	2000000	28	238978	1000000	0.2389780
SUPER_46	2000000	2935671	5	192375	935671	0.2056011
SUPER_47	0	1000000	42	418614	1000000	0.4186140
SUPER_47	1000000	2000000	28	435664	1000000	0.4356640
SUPER_47	2000000	2932610	41	440276	932610	0.4720902
SUPER_48	0	1000000	31	483773	1000000	0.4837730
SUPER_48	1000000	2000000	24	382162	1000000	0.3821620
SUPER_48	2000000	2930069	35	385216	930069	0.4141800
SUPER_49	0	1000000	46	442068	1000000	0.4420680
SUPER_49	1000000	2000000	28	311186	1000000	0.3111860
SUPER_49	2000000	2912776	34	413685	912776	0.4532163
SUPER_50	0	1000000	29	442423	1000000	0.4424230
SUPER_50	1000000	2000000	35	251529	1000000	0.2515290
SUPER_50	2000000	2907825	24	245488	907825	0.2704133
SUPER_51	0	1000000	49	514649	1000000	0.5146490
SUPER_51	1000000	2000000	59	530997	1000000	0.5309970
SUPER_51	2000000	2905892	42	425981	905892	0.4702338
SUPER_52	0	1000000	17	249254	1000000	0.2492540
SUPER_52	1000000	2000000	9	127576	1000000	0.1275760
SUPER_52	2000000	2899783	8	24815	899783	0.0275789
SUPER_53	0	1000000	27	352284	1000000	0.3522840
SUPER_53	1000000	2000000	26	322771	1000000	0.3227710
SUPER_53	2000000	2898101	35	145192	898101	0.1616656
SUPER_54	0	1000000	9	54590	1000000	0.0545900
SUPER_54	1000000	2000000	59	410401	1000000	0.4104010
SUPER_54	2000000	2897611	33	358631	897611	0.3995394
SUPER_55	0	1000000	21	245410	1000000	0.2454100
SUPER_55	1000000	2000000	17	152833	1000000	0.1528330
SUPER_55	2000000	2896096	18	235895	896096	0.2632475
SUPER_56	0	1000000	38	433304	1000000	0.4333040
SUPER_56	1000000	2000000	46	434373	1000000	0.4343730
SUPER_56	2000000	2888642	19	545812	888642	0.6142091
SUPER_57	0	1000000	28	571526	1000000	0.5715260
SUPER_57	1000000	2000000	22	246519	1000000	0.2465190
SUPER_57	2000000	2888410	39	305718	888410	0.3441181
SUPER_58	0	1000000	20	158444	1000000	0.1584440
SUPER_58	1000000	2000000	25	223196	1000000	0.2231960
SUPER_58	2000000	2883110	39	408130	883110	0.4621508
SUPER_59	0	1000000	15	170962	1000000	0.1709620
SUPER_59	1000000	2000000	38	372913	1000000	0.3729130
SUPER_59	2000000	2832908	27	339379	832908	0.4074628
SUPER_60	0	1000000	56	505960	1000000	0.5059600
SUPER_60	1000000	2000000	31	360260	1000000	0.3602600
SUPER_60	2000000	2766608	32	223255	766608	0.2912244
SUPER_61	0	1000000	17	219379	1000000	0.2193790
SUPER_61	1000000	2000000	21	207169	1000000	0.2071690
SUPER_61	2000000	2748808	13	168112	748808	0.2245062
SUPER_62	0	1000000	60	552446	1000000	0.5524460
SUPER_62	1000000	2000000	44	525021	1000000	0.5250210
SUPER_62	2000000	2748614	26	130111	748614	0.1738025
SUPER_63	0	1000000	39	335508	1000000	0.3355080
SUPER_63	1000000	2000000	1	88134	1000000	0.0881340
SUPER_63	2000000	2723314	33	289684	723314	0.4004955
SUPER_64	0	1000000	10	411966	1000000	0.4119660
SUPER_64	1000000	2000000	26	253666	1000000	0.2536660
SUPER_64	2000000	2717521	14	399125	717521	0.5562555
SUPER_65	0	1000000	22	305295	1000000	0.3052950
SUPER_65	1000000	2000000	27	501519	1000000	0.5015190
SUPER_65	2000000	2710875	13	204557	710875	0.2877538
SUPER_66	0	1000000	36	189685	1000000	0.1896850
SUPER_66	1000000	2000000	45	348664	1000000	0.3486640
SUPER_66	2000000	2704024	49	138286	704024	0.1964223
SUPER_67	0	1000000	20	293775	1000000	0.2937750
SUPER_67	1000000	2000000	25	427865	1000000	0.4278650
SUPER_67	2000000	2704005	19	328364	704005	0.4664228
SUPER_68	0	1000000	33	449132	1000000	0.4491320
SUPER_68	1000000	2000000	28	262701	1000000	0.2627010
SUPER_68	2000000	2703624	18	335493	703624	0.4768072
SUPER_69	0	1000000	22	236901	1000000	0.2369010
SUPER_69	1000000	2000000	28	216896	1000000	0.2168960
SUPER_69	2000000	2693491	26	166996	693491	0.2408049
SUPER_70	0	1000000	14	225679	1000000	0.2256790
SUPER_70	1000000	2000000	25	203898	1000000	0.2038980
SUPER_70	2000000	2682993	20	160982	682993	0.2357008
SUPER_71	0	1000000	21	140536	1000000	0.1405360
SUPER_71	1000000	2000000	32	361816	1000000	0.3618160
SUPER_71	2000000	2674876	30	382514	674876	0.5667915
SUPER_72	0	1000000	13	441189	1000000	0.4411890
SUPER_72	1000000	2000000	37	332507	1000000	0.3325070
SUPER_72	2000000	2670143	25	162783	670143	0.2429079
SUPER_73	0	1000000	31	396224	1000000	0.3962240
SUPER_73	1000000	2000000	24	257761	1000000	0.2577610
SUPER_73	2000000	2660910	9	56363	660910	0.0852809
SUPER_74	0	1000000	18	252889	1000000	0.2528890
SUPER_74	1000000	2000000	33	538824	1000000	0.5388240
SUPER_74	2000000	2660705	14	367670	660705	0.5564814
SUPER_75	0	1000000	23	302202	1000000	0.3022020
SUPER_75	1000000	2000000	23	570376	1000000	0.5703760
SUPER_75	2000000	2655184	17	153667	655184	0.2345402
SUPER_76	0	1000000	27	447155	1000000	0.4471550
SUPER_76	1000000	2000000	32	286568	1000000	0.2865680
SUPER_76	2000000	2607907	18	402538	607907	0.6621704
SUPER_77	0	1000000	38	413383	1000000	0.4133830
SUPER_77	1000000	2000000	27	685750	1000000	0.6857500
SUPER_77	2000000	2603533	28	373548	603533	0.6189355
SUPER_78	0	1000000	60	564767	1000000	0.5647670
SUPER_78	1000000	2000000	28	553838	1000000	0.5538380
SUPER_78	2000000	2596717	17	164503	596717	0.2756801
SUPER_79	0	1000000	51	307496	1000000	0.3074960
SUPER_79	1000000	2000000	72	453750	1000000	0.4537500
SUPER_79	2000000	2577330	39	221000	577330	0.3827967
SUPER_80	0	1000000	25	270638	1000000	0.2706380
SUPER_80	1000000	2000000	12	131050	1000000	0.1310500
SUPER_80	2000000	2575347	15	79122	575347	0.1375205
SUPER_81	0	1000000	31	406258	1000000	0.4062580
SUPER_81	1000000	2000000	52	313623	1000000	0.3136230
SUPER_81	2000000	2561973	37	277840	561973	0.4944010
SUPER_82	0	1000000	25	305415	1000000	0.3054150
SUPER_82	1000000	2000000	14	291157	1000000	0.2911570
SUPER_82	2000000	2555341	21	212536	555341	0.3827126
SUPER_83	0	1000000	33	260583	1000000	0.2605830
SUPER_83	1000000	2000000	22	238366	1000000	0.2383660
SUPER_83	2000000	2552904	9	119397	552904	0.2159453
SUPER_84	0	1000000	27	326092	1000000	0.3260920
SUPER_84	1000000	2000000	34	434636	1000000	0.4346360
SUPER_84	2000000	2549962	19	180346	549962	0.3279245
SUPER_85	0	1000000	21	301014	1000000	0.3010140
SUPER_85	1000000	2000000	22	270589	1000000	0.2705890
SUPER_85	2000000	2531656	11	369141	531656	0.6943230
SUPER_86	0	1000000	30	450411	1000000	0.4504110
SUPER_86	1000000	2000000	44	600635	1000000	0.6006350
SUPER_86	2000000	2519337	18	186750	519337	0.3595931
SUPER_87	0	1000000	14	151869	1000000	0.1518690
SUPER_87	1000000	2000000	32	322760	1000000	0.3227600
SUPER_87	2000000	2518714	16	307097	518714	0.5920353
SUPER_88	0	1000000	13	84290	1000000	0.0842900
SUPER_88	1000000	2000000	28	455650	1000000	0.4556500
SUPER_88	2000000	2517979	9	254161	517979	0.4906782
SUPER_89	0	1000000	32	587065	1000000	0.5870650
SUPER_89	1000000	2000000	16	336573	1000000	0.3365730
SUPER_89	2000000	2505151	7	53948	505151	0.1067958
SUPER_90	0	1000000	42	645966	1000000	0.6459660
SUPER_90	1000000	2000000	15	177658	1000000	0.1776580
SUPER_90	2000000	2489481	12	124415	489481	0.2541774
SUPER_91	0	1000000	30	568426	1000000	0.5684260
SUPER_91	1000000	2000000	37	452271	1000000	0.4522710
SUPER_91	2000000	2461106	13	150136	461106	0.3255998
SUPER_92	0	1000000	23	286141	1000000	0.2861410
SUPER_92	1000000	2000000	27	402614	1000000	0.4026140
SUPER_92	2000000	2459811	15	203581	459811	0.4427493
SUPER_93	0	1000000	25	447636	1000000	0.4476360
SUPER_93	1000000	2000000	39	372348	1000000	0.3723480
SUPER_93	2000000	2449030	10	181125	449030	0.4033695
SUPER_94	0	1000000	27	415390	1000000	0.4153900
SUPER_94	1000000	2000000	61	421358	1000000	0.4213580
SUPER_94	2000000	2446241	6	132097	446241	0.2960217
SUPER_95	0	1000000	48	537837	1000000	0.5378370
SUPER_95	1000000	2000000	42	462474	1000000	0.4624740
SUPER_95	2000000	2439435	11	106201	439435	0.2416762
SUPER_96	0	1000000	29	396441	1000000	0.3964410
SUPER_96	1000000	2000000	32	409914	1000000	0.4099140
SUPER_96	2000000	2433121	22	218056	433121	0.5034528
SUPER_97	0	1000000	36	362192	1000000	0.3621920
SUPER_97	1000000	2000000	30	326779	1000000	0.3267790
SUPER_97	2000000	2430055	4	127247	430055	0.2958854
SUPER_98	0	1000000	16	298184	1000000	0.2981840
SUPER_98	1000000	2000000	24	431713	1000000	0.4317130
SUPER_98	2000000	2421393	6	292213	421393	0.6934453
SUPER_99	0	1000000	34	385353	1000000	0.3853530
SUPER_99	1000000	2000000	36	598911	1000000	0.5989110
SUPER_99	2000000	2421045	17	136910	421045	0.3251671
SUPER_100	0	1000000	50	503376	1000000	0.5033760
SUPER_100	1000000	2000000	23	329213	1000000	0.3292130
SUPER_100	2000000	2407168	11	165873	407168	0.4073822
SUPER_101	0	1000000	19	450891	1000000	0.4508910
SUPER_101	1000000	2000000	40	475380	1000000	0.4753800
SUPER_101	2000000	2384661	13	211334	384661	0.5494033
SUPER_102	0	1000000	38	265201	1000000	0.2652010
SUPER_102	1000000	2000000	34	369723	1000000	0.3697230
SUPER_102	2000000	2382996	13	75306	382996	0.1966235
SUPER_103	0	1000000	11	263156	1000000	0.2631560
SUPER_103	1000000	2000000	43	332873	1000000	0.3328730
SUPER_103	2000000	2370684	11	187069	370684	0.5046589
SUPER_104	0	1000000	17	265452	1000000	0.2654520
SUPER_104	1000000	2000000	9	279525	1000000	0.2795250
SUPER_104	2000000	2354086	15	161435	354086	0.4559203
SUPER_105	0	1000000	26	365892	1000000	0.3658920
SUPER_105	1000000	2000000	29	294232	1000000	0.2942320
SUPER_105	2000000	2338908	16	200073	338908	0.5903460
SUPER_106	0	1000000	46	346591	1000000	0.3465910
SUPER_106	1000000	2000000	43	374069	1000000	0.3740690
SUPER_106	2000000	2287668	13	84652	287668	0.2942698
SUPER_107	0	1000000	85	210441	1000000	0.2104410
SUPER_107	1000000	2000000	53	411081	1000000	0.4110810
SUPER_107	2000000	2284528	20	89426	284528	0.3142959
SUPER_108	0	1000000	15	167621	1000000	0.1676210
SUPER_108	1000000	2000000	12	91841	1000000	0.0918410
SUPER_108	2000000	2277642	12	86986	277642	0.3133028
SUPER_109	0	1000000	29	321388	1000000	0.3213880
SUPER_109	1000000	2000000	40	569774	1000000	0.5697740
SUPER_109	2000000	2275114	15	149894	275114	0.5448433
SUPER_110	0	1000000	37	397761	1000000	0.3977610
SUPER_110	1000000	2000000	48	451988	1000000	0.4519880
SUPER_110	2000000	2271955	14	96643	271955	0.3553639
SUPER_111	0	1000000	27	519496	1000000	0.5194960
SUPER_111	1000000	2000000	9	217543	1000000	0.2175430
SUPER_111	2000000	2269456	8	128111	269456	0.4754431
SUPER_112	0	1000000	34	297162	1000000	0.2971620
SUPER_112	1000000	2000000	37	414966	1000000	0.4149660
SUPER_112	2000000	2260593	3	15657	260593	0.0600822
SUPER_113	0	1000000	23	363942	1000000	0.3639420
SUPER_113	1000000	2000000	26	284021	1000000	0.2840210
SUPER_113	2000000	2259495	10	123274	259495	0.4750535
SUPER_114	0	1000000	42	551569	1000000	0.5515690
SUPER_114	1000000	2000000	31	510712	1000000	0.5107120
SUPER_114	2000000	2257867	4	34179	257867	0.1325451
SUPER_115	0	1000000	12	513491	1000000	0.5134910
SUPER_115	1000000	2000000	30	353038	1000000	0.3530380
SUPER_115	2000000	2245698	14	134641	245698	0.5479939
SUPER_116	0	1000000	40	460011	1000000	0.4600110
SUPER_116	1000000	2000000	25	260062	1000000	0.2600620
SUPER_116	2000000	2217189	3	22157	217189	0.1020171
SUPER_117	0	1000000	51	434825	1000000	0.4348250
SUPER_117	1000000	2000000	35	559586	1000000	0.5595860
SUPER_117	2000000	2213033	2	49440	213033	0.2320767
SUPER_118	0	1000000	26	426912	1000000	0.4269120
SUPER_118	1000000	2000000	27	256240	1000000	0.2562400
SUPER_118	2000000	2207690	8	51153	207690	0.2462950
SUPER_119	0	1000000	34	395358	1000000	0.3953580
SUPER_119	1000000	2000000	32	434071	1000000	0.4340710
SUPER_119	2000000	2190033	7	37525	190033	0.1974657
SUPER_120	0	1000000	36	408404	1000000	0.4084040
SUPER_120	1000000	2000000	19	87302	1000000	0.0873020
SUPER_120	2000000	2188854	4	13042	188854	0.0690586
SUPER_121	0	1000000	41	337863	1000000	0.3378630
SUPER_121	1000000	2000000	50	382868	1000000	0.3828680
SUPER_121	2000000	2156281	6	45426	156281	0.2906687
SUPER_122	0	1000000	48	349155	1000000	0.3491550
SUPER_122	1000000	2000000	29	155968	1000000	0.1559680
SUPER_122	2000000	2140987	7	10462	140987	0.0742054
SUPER_123	0	1000000	30	434717	1000000	0.4347170
SUPER_123	1000000	2000000	20	273388	1000000	0.2733880
SUPER_123	2000000	2133688	5	46384	133688	0.3469571
SUPER_124	0	1000000	13	185388	1000000	0.1853880
SUPER_124	1000000	2000000	35	494670	1000000	0.4946700
SUPER_124	2000000	2103561	2	12790	103561	0.1235021
SUPER_125	0	1000000	50	408748	1000000	0.4087480
SUPER_125	1000000	2000000	33	354561	1000000	0.3545610
SUPER_125	2000000	2081208	1	3190	81208	0.0392818
SUPER_126	0	1000000	45	350986	1000000	0.3509860
SUPER_126	1000000	2000000	32	430418	1000000	0.4304180
SUPER_126	2000000	2078541	1	5173	78541	0.0658637
SUPER_127	0	1000000	27	499710	1000000	0.4997100
SUPER_127	1000000	2000000	19	324012	1000000	0.3240120
SUPER_127	2000000	2078247	2	27295	78247	0.3488313
SUPER_128	0	1000000	40	394534	1000000	0.3945340
SUPER_128	1000000	2000000	38	413213	1000000	0.4132130
SUPER_128	2000000	2072573	2	9441	72573	0.1300897
SUPER_129	0	1000000	19	271244	1000000	0.2712440
SUPER_129	1000000	2000000	12	196328	1000000	0.1963280
SUPER_129	2000000	2065064	4	19118	65064	0.2938338
SUPER_130	0	1000000	36	343162	1000000	0.3431620
SUPER_130	1000000	2000000	28	283345	1000000	0.2833450
SUPER_130	2000000	2061552	5	11751	61552	0.1909118
SUPER_131	0	1000000	16	158758	1000000	0.1587580
SUPER_131	1000000	2000000	26	390078	1000000	0.3900780
SUPER_131	2000000	2046986	2	26324	46986	0.5602520
SUPER_132	0	1000000	29	251976	1000000	0.2519760
SUPER_132	1000000	2000000	20	330268	1000000	0.3302680
SUPER_132	2000000	2045285	2	3768	45285	0.0832064
SUPER_133	0	1000000	45	334182	1000000	0.3341820
SUPER_133	1000000	2000000	49	490427	1000000	0.4904270
SUPER_133	2000000	2044111	3	13239	44111	0.3001292
SUPER_134	0	1000000	45	539957	1000000	0.5399570
SUPER_134	1000000	2000000	43	403485	1000000	0.4034850
SUPER_134	2000000	2024970	1	24287	24970	0.9726472
SUPER_135	0	1000000	21	227604	1000000	0.2276040
SUPER_135	1000000	2000000	22	295478	1000000	0.2954780
SUPER_135	2000000	2020826	1	285	20826	0.0136848
SUPER_136	0	1000000	31	381666	1000000	0.3816660
SUPER_136	1000000	2000000	21	221729	1000000	0.2217290
SUPER_136	2000000	2020624	1	3108	20624	0.1506982
SUPER_137	0	1000000	36	344692	1000000	0.3446920
SUPER_137	1000000	2000000	59	399515	1000000	0.3995150
SUPER_137	2000000	2004477	1	4125	4477	0.9213759
SUPER_138	0	1000000	49	401537	1000000	0.4015370
SUPER_138	1000000	2000000	39	349463	1000000	0.3494630
SUPER_138	2000000	2003829	0	0	3829	0.0000000
SUPER_139	0	1000000	28	264233	1000000	0.2642330
SUPER_139	1000000	1988582	47	362943	988582	0.3671350
SUPER_140	0	1000000	15	133588	1000000	0.1335880
SUPER_140	1000000	1982661	17	389617	982661	0.3964918
SUPER_141	0	1000000	36	327213	1000000	0.3272130
SUPER_141	1000000	1967534	26	263215	967534	0.2720473
SUPER_142	0	1000000	45	416989	1000000	0.4169890
SUPER_142	1000000	1963463	55	449080	963463	0.4661103
SUPER_143	0	1000000	43	344622	1000000	0.3446220
SUPER_143	1000000	1961314	38	488721	961314	0.5083885
SUPER_144	0	1000000	34	476272	1000000	0.4762720
SUPER_144	1000000	1949356	28	263061	949356	0.2770942
SUPER_145	0	1000000	33	464504	1000000	0.4645040
SUPER_145	1000000	1930699	27	283105	930699	0.3041854
SUPER_146	0	1000000	24	426457	1000000	0.4264570
SUPER_146	1000000	1926000	26	508279	926000	0.5488974
SUPER_147	0	1000000	13	433567	1000000	0.4335670
SUPER_147	1000000	1924439	9	132379	924439	0.1431993
SUPER_148	0	1000000	91	411689	1000000	0.4116890
SUPER_148	1000000	1919372	67	249917	919372	0.2718345
SUPER_149	0	1000000	23	290568	1000000	0.2905680
SUPER_149	1000000	1918465	69	310439	918465	0.3379976
SUPER_150	0	1000000	31	526763	1000000	0.5267630
SUPER_150	1000000	1905741	46	429318	905741	0.4739964
SUPER_151	0	1000000	36	299726	1000000	0.2997260
SUPER_151	1000000	1898278	21	220104	898278	0.2450288
SUPER_152	0	1000000	32	306806	1000000	0.3068060
SUPER_152	1000000	1898073	11	79136	898073	0.0881176
SUPER_153	0	1000000	66	240728	1000000	0.2407280
SUPER_153	1000000	1894847	27	314706	894847	0.3516869
SUPER_154	0	1000000	34	156691	1000000	0.1566910
SUPER_154	1000000	1893423	40	374595	893423	0.4192807
SUPER_155	0	1000000	26	276342	1000000	0.2763420
SUPER_155	1000000	1875360	14	313241	875360	0.3578425
SUPER_156	0	1000000	19	313430	1000000	0.3134300
SUPER_156	1000000	1868527	19	302240	868527	0.3479915
SUPER_157	0	1000000	37	194340	1000000	0.1943400
SUPER_157	1000000	1838197	32	323541	838197	0.3859964
SUPER_158	0	1000000	34	298895	1000000	0.2988950
SUPER_158	1000000	1827649	15	230397	827649	0.2783753
SUPER_159	0	1000000	23	427267	1000000	0.4272670
SUPER_159	1000000	1822898	26	261835	822898	0.3181865
SUPER_160	0	1000000	13	392870	1000000	0.3928700
SUPER_160	1000000	1819404	22	251305	819404	0.3066924
SUPER_161	0	1000000	18	301129	1000000	0.3011290
SUPER_161	1000000	1812594	21	244244	812594	0.3005732
SUPER_162	0	1000000	35	585452	1000000	0.5854520
SUPER_162	1000000	1810906	35	386089	810906	0.4761205
SUPER_163	0	1000000	27	201547	1000000	0.2015470
SUPER_163	1000000	1804015	29	371817	804015	0.4624503
SUPER_164	0	1000000	20	457456	1000000	0.4574560
SUPER_164	1000000	1801550	20	168800	801550	0.2105920
SUPER_165	0	1000000	20	494971	1000000	0.4949710
SUPER_165	1000000	1798755	28	321634	798755	0.4026692
SUPER_166	0	1000000	27	307531	1000000	0.3075310
SUPER_166	1000000	1780141	15	150516	780141	0.1929343
SUPER_167	0	1000000	37	391325	1000000	0.3913250
SUPER_167	1000000	1776512	9	235493	776512	0.3032703
SUPER_168	0	1000000	27	461260	1000000	0.4612600
SUPER_168	1000000	1772455	31	438159	772455	0.5672292
SUPER_169	0	1000000	23	244084	1000000	0.2440840
SUPER_169	1000000	1767208	11	358511	767208	0.4672931
SUPER_170	0	1000000	23	431203	1000000	0.4312030
SUPER_170	1000000	1761988	10	155182	761988	0.2036541
SUPER_171	0	1000000	35	492113	1000000	0.4921130
SUPER_171	1000000	1758583	13	133380	758583	0.1758278
SUPER_172	0	1000000	24	343097	1000000	0.3430970
SUPER_172	1000000	1753108	47	348899	753108	0.4632788
SUPER_173	0	1000000	43	403244	1000000	0.4032440
SUPER_173	1000000	1747734	34	364232	747734	0.4871144
SUPER_174	0	1000000	23	235309	1000000	0.2353090
SUPER_174	1000000	1743285	49	223231	743285	0.3003303
SUPER_175	0	1000000	20	240020	1000000	0.2400200
SUPER_175	1000000	1740776	17	126853	740776	0.1712434
SUPER_176	0	1000000	52	375940	1000000	0.3759400
SUPER_176	1000000	1736287	34	188709	736287	0.2562982
SUPER_177	0	1000000	16	197969	1000000	0.1979690
SUPER_177	1000000	1724975	24	233163	724975	0.3216152
SUPER_178	0	1000000	26	357537	1000000	0.3575370
SUPER_178	1000000	1717476	18	247772	717476	0.3453384
SUPER_179	0	1000000	40	512374	1000000	0.5123740
SUPER_179	1000000	1713466	22	359650	713466	0.5040885
SUPER_180	0	1000000	19	220366	1000000	0.2203660
SUPER_180	1000000	1702255	17	353834	702255	0.5038540
SUPER_181	0	1000000	64	312929	1000000	0.3129290
SUPER_181	1000000	1701127	25	351620	701127	0.5015069
SUPER_182	0	1000000	47	380417	1000000	0.3804170
SUPER_182	1000000	1690012	10	154638	690012	0.2241091
SUPER_183	0	1000000	7	23030	1000000	0.0230300
SUPER_183	1000000	1681795	10	174860	681795	0.2564701
SUPER_184	0	1000000	37	373936	1000000	0.3739360
SUPER_184	1000000	1675653	25	177034	675653	0.2620191
SUPER_185	0	1000000	30	123934	1000000	0.1239340
SUPER_185	1000000	1673387	26	148184	673387	0.2200577
SUPER_186	0	1000000	44	447459	1000000	0.4474590
SUPER_186	1000000	1667794	21	337242	667794	0.5050091
SUPER_187	0	1000000	35	310501	1000000	0.3105010
SUPER_187	1000000	1649359	32	266989	649359	0.4111578
SUPER_188	0	1000000	23	285425	1000000	0.2854250
SUPER_188	1000000	1647562	42	259221	647562	0.4003030
SUPER_189	0	1000000	59	392676	1000000	0.3926760
SUPER_189	1000000	1645482	31	392777	645482	0.6085019
SUPER_190	0	1000000	40	360876	1000000	0.3608760
SUPER_190	1000000	1635444	24	241124	635444	0.3794575
SUPER_191	0	1000000	44	501265	1000000	0.5012650
SUPER_191	1000000	1630908	18	200290	630908	0.3174631
SUPER_192	0	1000000	34	307643	1000000	0.3076430
SUPER_192	1000000	1622178	12	79292	622178	0.1274426
SUPER_193	0	1000000	34	373368	1000000	0.3733680
SUPER_193	1000000	1608124	2	242815	608124	0.3992853
SUPER_194	0	1000000	17	264665	1000000	0.2646650
SUPER_194	1000000	1606851	22	388020	606851	0.6393991
SUPER_195	0	1000000	29	574061	1000000	0.5740610
SUPER_195	1000000	1597205	19	242371	597205	0.4058422
SUPER_196	0	1000000	35	402662	1000000	0.4026620
SUPER_196	1000000	1583982	18	120460	583982	0.2062735
SUPER_197	0	1000000	21	327720	1000000	0.3277200
SUPER_197	1000000	1580445	20	126272	580445	0.2175434
SUPER_198	0	1000000	39	329894	1000000	0.3298940
SUPER_198	1000000	1580165	11	240557	580165	0.4146355
SUPER_199	0	1000000	30	290312	1000000	0.2903120
SUPER_199	1000000	1577722	17	185184	577722	0.3205417
SUPER_200	0	1000000	21	279037	1000000	0.2790370
SUPER_200	1000000	1558842	20	159259	558842	0.2849804
SUPER_201	0	1000000	20	308391	1000000	0.3083910
SUPER_201	1000000	1557078	18	110769	557078	0.1988393
SUPER_202	0	1000000	32	209489	1000000	0.2094890
SUPER_202	1000000	1555514	21	185226	555514	0.3334318
SUPER_203	0	1000000	42	563435	1000000	0.5634350
SUPER_203	1000000	1554212	24	294756	554212	0.5318470
SUPER_204	0	1000000	57	226232	1000000	0.2262320
SUPER_204	1000000	1534319	23	146179	534319	0.2735800
SUPER_205	0	1000000	35	404347	1000000	0.4043470
SUPER_205	1000000	1517912	13	169000	517912	0.3263102
SUPER_206	0	1000000	17	178622	1000000	0.1786220
SUPER_206	1000000	1499567	19	89719	499567	0.1795935
SUPER_207	0	1000000	24	257535	1000000	0.2575350
SUPER_207	1000000	1499079	15	144215	499079	0.2889623
SUPER_208	0	1000000	42	476766	1000000	0.4767660
SUPER_208	1000000	1482374	12	263741	482374	0.5467563
SUPER_209	0	1000000	31	297722	1000000	0.2977220
SUPER_209	1000000	1467644	19	72372	467644	0.1547588
SUPER_210	0	1000000	18	204225	1000000	0.2042250
SUPER_210	1000000	1461408	4	79890	461408	0.1731439
SUPER_211	0	1000000	28	329224	1000000	0.3292240
SUPER_211	1000000	1451321	19	229542	451321	0.5086003
SUPER_212	0	1000000	32	580245	1000000	0.5802450
SUPER_212	1000000	1424491	25	215697	424491	0.5081309
SUPER_213	0	1000000	53	237221	1000000	0.2372210
SUPER_213	1000000	1414864	20	233694	414864	0.5633027
SUPER_214	0	1000000	23	360934	1000000	0.3609340
SUPER_214	1000000	1403347	20	236551	403347	0.5864702
SUPER_215	0	1000000	29	404943	1000000	0.4049430
SUPER_215	1000000	1401162	5	41710	401162	0.1039730
SUPER_216	0	1000000	21	300496	1000000	0.3004960
SUPER_216	1000000	1400332	9	97538	400332	0.2436428
SUPER_217	0	1000000	25	276848	1000000	0.2768480
SUPER_217	1000000	1370692	12	97535	370692	0.2631160
SUPER_218	0	1000000	24	398604	1000000	0.3986040
SUPER_218	1000000	1370525	14	122663	370525	0.3310519
SUPER_219	0	1000000	42	447690	1000000	0.4476900
SUPER_219	1000000	1368747	10	281379	368747	0.7630679
SUPER_220	0	1000000	11	175094	1000000	0.1750940
SUPER_220	1000000	1355833	6	64298	355833	0.1806971
SUPER_221	0	1000000	20	332489	1000000	0.3324890
SUPER_221	1000000	1329177	8	49134	329177	0.1492632
SUPER_222	0	1000000	38	275601	1000000	0.2756010
SUPER_222	1000000	1327378	4	54671	327378	0.1669966
SUPER_223	0	1000000	27	375361	1000000	0.3753610
SUPER_223	1000000	1309541	6	206828	309541	0.6681764
SUPER_224	0	1000000	52	588760	1000000	0.5887600
SUPER_224	1000000	1306270	16	150487	306270	0.4913540
SUPER_225	0	1000000	23	323197	1000000	0.3231970
SUPER_225	1000000	1305320	6	124448	305320	0.4075986
SUPER_226	0	1000000	18	171695	1000000	0.1716950
SUPER_226	1000000	1227247	4	107629	227247	0.4736212
SUPER_227	0	1000000	34	433892	1000000	0.4338920
SUPER_227	1000000	1226658	10	80616	226658	0.3556724
HAP1_SCAFFOLD_18	0	1000000	63	162510	1000000	0.1625100
HAP1_SCAFFOLD_18	1000000	1033148	0	0	33148	0.0000000
HAP1_SCAFFOLD_59	0	697417	70	104970	697417	0.1505125
SCAFFOLD_Z1	0	666487	30	75199	666487	0.1128289
HAP1_SCAFFOLD_279	0	391214	20	33862	391214	0.0865562
HAP1_SCAFFOLD_281	0	382589	44	135186	382589	0.3533452
HAP1_SCAFFOLD_295	0	311000	12	27416	311000	0.0881543
SCAFFOLD_122	0	299995	3	13168	299995	0.0438941
HAP1_SCAFFOLD_299	0	280301	3	4992	280301	0.0178094
SCAFFOLD_81	0	267853	27	45858	267853	0.1712058
HAP1_SCAFFOLD_300	0	265205	2	33376	265205	0.1258498
HAP1_SCAFFOLD_302	0	258052	10	34832	258052	0.1349805
SCAFFOLD_82	0	230222	7	73502	230222	0.3192658
HAP1_SCAFFOLD_307	0	230000	3	17781	230000	0.0773087
SCAFFOLD_204	0	214282	15	17912	214282	0.0835908
HAP1_SCAFFOLD_312	0	205152	6	5926	205152	0.0288859
HAP1_SCAFFOLD_313	0	199219	2	11875	199219	0.0596078
HAP1_SCAFFOLD_317	0	189000	3	17835	189000	0.0943651
SUPER_32_unloc_1	0	184705	1	67229	184705	0.3639804
SCAFFOLD_114	0	182653	13	16927	182653	0.0926730
HAP1_SCAFFOLD_330	0	156000	2	10469	156000	0.0671090
HAP1_SCAFFOLD_337	0	148900	15	27702	148900	0.1860443
HAP1_SCAFFOLD_340	0	145841	3	4194	145841	0.0287573
HAP1_SCAFFOLD_342	0	141227	1	2300	141227	0.0162858
SCAFFOLD_134	0	139283	3	10114	139283	0.0726148
SCAFFOLD_188	0	139283	2	38786	139283	0.2784690
SCAFFOLD_218	0	139283	13	29119	139283	0.2090636
HAP1_SCAFFOLD_345	0	138823	2	4169	138823	0.0300310
HAP1_SCAFFOLD_353	0	123000	4	6541	123000	0.0531789
HAP1_SCAFFOLD_354	0	122246	9	24303	122246	0.1988041
HAP1_SCAFFOLD_359	0	114838	1	13356	114838	0.1163030
SCAFFOLD_212	0	108832	13	25063	108832	0.2302907
SCAFFOLD_113	0	108549	3	17932	108549	0.1651973
HAP1_SCAFFOLD_368	0	101698	4	28314	101698	0.2784126
HAP1_SCAFFOLD_369	0	101568	2	14507	101568	0.1428304
HAP1_SCAFFOLD_371	0	99175	2	1714	99175	0.0172826
SCAFFOLD_61	0	96427	1	3700	96427	0.0383710
HAP1_SCAFFOLD_380	0	93938	4	39135	93938	0.4166046
HAP1_SCAFFOLD_385	0	89000	2	2542	89000	0.0285618
HAP1_SCAFFOLD_386	0	88885	3	27847	88885	0.3132924
HAP1_SCAFFOLD_391	0	86631	3	9875	86631	0.1139892
HAP1_SCAFFOLD_392	0	85756	3	13022	85756	0.1518494
HAP1_SCAFFOLD_400	0	82060	5	18143	82060	0.2210943
HAP1_SCAFFOLD_403	0	80601	2	9115	80601	0.1130879
SCAFFOLD_17	0	74998	2	15526	74998	0.2070189
HAP1_SCAFFOLD_412	0	74674	1	12924	74674	0.1730723
HAP1_SCAFFOLD_414	0	74424	1	18844	74424	0.2531979
HAP1_SCAFFOLD_416	0	74000	1	29088	74000	0.3930811
HAP1_SCAFFOLD_419	0	73245	2	1877	73245	0.0256263
SCAFFOLD_11	0	71148	2	13300	71148	0.1869343
SCAFFOLD_142	0	70197	46	33247	70197	0.4736242
SCAFFOLD_133	0	69327	1	8020	69327	0.1156836
SCAFFOLD_12	0	68494	1	22642	68494	0.3305691
HAP1_SCAFFOLD_428	0	66856	1	11253	66856	0.1683170
SCAFFOLD_60	0	64284	3	32341	64284	0.5030956
SCAFFOLD_102	0	64284	0	0	64284	0.0000000
SCAFFOLD_191	0	64284	0	0	64284	0.0000000
HAP1_SCAFFOLD_436	0	64000	2	2248	64000	0.0351250
HAP1_SCAFFOLD_437	0	63963	1	22799	63963	0.3564405
HAP1_SCAFFOLD_441	0	62037	1	22186	62037	0.3576253
SCAFFOLD_91	0	60996	1	13040	60996	0.2137845
SCAFFOLD_157	0	60259	1	193	60259	0.0032028
SCAFFOLD_119	0	60098	7	9610	60098	0.1599055
HAP1_SCAFFOLD_446	0	58262	3	4011	58262	0.0688442
HAP1_SCAFFOLD_452	0	54651	3	28824	54651	0.5274194
SCAFFOLD_39	0	53626	2	11304	53626	0.2107933
SCAFFOLD_107	0	53570	1	29767	53570	0.5556655
HAP1_SCAFFOLD_457	0	53000	1	8417	53000	0.1588113
HAP1_SCAFFOLD_458	0	52000	1	23302	52000	0.4481154
HAP1_SCAFFOLD_459	0	51965	1	20763	51965	0.3995574
HAP1_SCAFFOLD_464	0	50000	1	267	50000	0.0053400
HAP1_SCAFFOLD_465	0	50000	1	16261	50000	0.3252200
HAP1_SCAFFOLD_466	0	49677	2	8741	49677	0.1759567
HAP1_SCAFFOLD_468	0	49340	0	0	49340	0.0000000
HAP1_SCAFFOLD_469	0	49119	2	229	49119	0.0046621
HAP1_SCAFFOLD_470	0	48935	3	918	48935	0.0187596
SCAFFOLD_195	0	46814	0	0	46814	0.0000000
SCAFFOLD_65	0	46174	6	21472	46174	0.4650236
HAP1_SCAFFOLD_476	0	44499	2	2214	44499	0.0497539
SCAFFOLD_7	0	43199	2	25184	43199	0.5829765
SCAFFOLD_85	0	42856	2	17310	42856	0.4039108
HAP1_SCAFFOLD_478	0	42756	1	9710	42756	0.2271026
SUPER_W1_unloc_1	0	42728	0	0	42728	0.0000000
SCAFFOLD_64	0	42143	4	12753	42143	0.3026125
SCAFFOLD_62	0	42026	0	0	42026	0.0000000
SCAFFOLD_225	0	41597	2	20188	41597	0.4853235
HAP1_SCAFFOLD_483	0	41405	1	26252	41405	0.6340297
SCAFFOLD_87	0	40740	3	16185	40740	0.3972754
SCAFFOLD_53	0	39788	0	0	39788	0.0000000
scaffold_192	0	39661	2	16850	39661	0.4248506
SUPER_W1_unloc_2	0	39000	3	9330	39000	0.2392308
HAP1_SCAFFOLD_488	0	38609	1	24118	38609	0.6246730
HAP1_SCAFFOLD_495	0	37405	2	25578	37405	0.6838123
HAP1_SCAFFOLD_496	0	37386	2	7035	37386	0.1881720
SCAFFOLD_186	0	37135	0	0	37135	0.0000000
SCAFFOLD_13	0	37066	0	0	37066	0.0000000
HAP1_SCAFFOLD_501	0	36181	1	13965	36181	0.3859761
HAP1_SCAFFOLD_505	0	35000	2	29992	35000	0.8569143
HAP1_SCAFFOLD_506	0	34942	1	12938	34942	0.3702707
HAP1_SCAFFOLD_507	0	34784	3	23100	34784	0.6640984
SUPER_W1_unloc_3	0	34355	4	8457	34355	0.2461650
SCAFFOLD_180	0	34178	1	34178	34178	1.0000000
HAP1_SCAFFOLD_511	0	34038	3	12985	34038	0.3814854
HAP1_SCAFFOLD_513	0	33950	0	0	33950	0.0000000
HAP1_SCAFFOLD_514	0	33899	0	0	33899	0.0000000
HAP1_SCAFFOLD_515	0	33894	1	27932	33894	0.8240986
SCAFFOLD_25	0	33789	4	2365	33789	0.0699932
SCAFFOLD_100	0	33787	1	15241	33787	0.4510907
HAP1_SCAFFOLD_516	0	33515	2	6996	33515	0.2087424
HAP1_SCAFFOLD_519	0	32909	5	14818	32909	0.4502720
HAP1_SCAFFOLD_520	0	32549	1	9981	32549	0.3066454
HAP1_SCAFFOLD_522	0	32268	1	24930	32268	0.7725921
HAP1_SCAFFOLD_294	0	32142	2	21196	32142	0.6594487
HAP1_SCAFFOLD_365	0	32142	2	6313	32142	0.1964097
HAP1_SCAFFOLD_377	0	32142	2	807	32142	0.0251073
SCAFFOLD_20	0	32142	0	0	32142	0.0000000
SCAFFOLD_94	0	32142	1	15752	32142	0.4900753
SCAFFOLD_202	0	32142	2	24181	32142	0.7523178
scaffold_212	0	31888	2	25004	31888	0.7841194
SCAFFOLD_57	0	31884	0	0	31884	0.0000000
HAP1_SCAFFOLD_529	0	31189	1	21853	31189	0.7006637
HAP1_SCAFFOLD_531	0	31014	2	5382	31014	0.1735345
HAP1_SCAFFOLD_537	0	30751	1	15347	30751	0.4990732
SCAFFOLD_168	0	30591	2	7358	30591	0.2405283
HAP1_SCAFFOLD_538	0	30548	0	0	30548	0.0000000
HAP1_SCAFFOLD_540	0	29930	0	0	29930	0.0000000
HAP1_SCAFFOLD_541	0	29820	1	3090	29820	0.1036217
HAP1_SCAFFOLD_542	0	29681	0	0	29681	0.0000000
HAP1_SCAFFOLD_544	0	29287	0	0	29287	0.0000000
HAP1_SCAFFOLD_545	0	29266	0	0	29266	0.0000000
HAP1_SCAFFOLD_547	0	29131	1	15539	29131	0.5334180
HAP1_SCAFFOLD_551	0	28774	2	17426	28774	0.6056162
HAP1_SCAFFOLD_552	0	28667	0	0	28667	0.0000000
HAP1_SCAFFOLD_553	0	28377	1	17697	28377	0.6236389
HAP1_SCAFFOLD_554	0	28279	2	7792	28279	0.2755401
HAP1_SCAFFOLD_556	0	28037	1	279	28037	0.0099511
HAP1_SCAFFOLD_558	0	27753	1	6604	27753	0.2379563
HAP1_SCAFFOLD_560	0	27526	0	0	27526	0.0000000
HAP1_SCAFFOLD_561	0	27136	2	15437	27136	0.5688753
HAP1_SCAFFOLD_562	0	27045	3	14950	27045	0.5527824
HAP1_SCAFFOLD_563	0	26979	1	11085	26979	0.4108751
HAP1_SCAFFOLD_565	0	26752	0	0	26752	0.0000000
HAP1_SCAFFOLD_566	0	26454	0	0	26454	0.0000000
HAP1_SCAFFOLD_568	0	25761	2	9365	25761	0.3635340
HAP1_SCAFFOLD_569	0	25637	0	0	25637	0.0000000
SCAFFOLD_72	0	25614	0	0	25614	0.0000000
SCAFFOLD_125	0	25579	1	14553	25579	0.5689433
HAP1_SCAFFOLD_571	0	25384	0	0	25384	0.0000000
HAP1_SCAFFOLD_572	0	25318	2	21075	25318	0.8324117
HAP1_SCAFFOLD_573	0	25267	1	225	25267	0.0089049
HAP1_SCAFFOLD_574	0	25200	2	5879	25200	0.2332937
SUPER_W1_unloc_4	0	25056	5	16538	25056	0.6600415
HAP1_SCAFFOLD_576	0	25013	0	0	25013	0.0000000
HAP1_SCAFFOLD_577	0	24991	1	6150	24991	0.2460886
HAP1_SCAFFOLD_578	0	24792	1	8663	24792	0.3494272
HAP1_SCAFFOLD_579	0	24720	0	0	24720	0.0000000
HAP1_SCAFFOLD_580	0	24505	0	0	24505	0.0000000
HAP1_SCAFFOLD_582	0	24402	0	0	24402	0.0000000
HAP1_SCAFFOLD_583	0	24320	1	15195	24320	0.6247944
HAP1_SCAFFOLD_584	0	24129	1	5409	24129	0.2241701
HAP1_SCAFFOLD_586	0	24029	1	24029	24029	1.0000000
HAP1_SCAFFOLD_587	0	23979	1	23979	23979	1.0000000
HAP1_SCAFFOLD_589	0	23588	1	1325	23588	0.0561726
HAP1_SCAFFOLD_590	0	23498	3	6927	23498	0.2947910
HAP1_SCAFFOLD_591	0	23276	1	10217	23276	0.4389500
HAP1_SCAFFOLD_592	0	23246	1	3897	23246	0.1676417
HAP1_SCAFFOLD_593	0	23084	0	0	23084	0.0000000
HAP1_SCAFFOLD_594	0	23057	1	11994	23057	0.5201891
HAP1_SCAFFOLD_595	0	22698	1	5815	22698	0.2561900
scaffold_145	0	22010	0	0	22010	0.0000000
HAP1_SCAFFOLD_596	0	21985	1	21985	21985	1.0000000
HAP1_SCAFFOLD_600	0	21618	2	10545	21618	0.4877880
SCAFFOLD_93	0	21428	1	5076	21428	0.2368863
SCAFFOLD_35	0	21258	1	8758	21258	0.4119861
HAP1_SCAFFOLD_604	0	21099	1	285	21099	0.0135077
HAP1_SCAFFOLD_605	0	21071	1	10637	21071	0.5048171
HAP1_SCAFFOLD_606	0	21000	1	870	21000	0.0414286
HAP1_SCAFFOLD_607	0	20992	4	11957	20992	0.5695980
HAP1_SCAFFOLD_609	0	20814	2	19205	20814	0.9226962
HAP1_SCAFFOLD_610	0	20697	3	8470	20697	0.4092380
HAP2_SCAFFOLD_7879	0	20687	1	1624	20687	0.0785034
HAP1_SCAFFOLD_611	0	20596	1	15623	20596	0.7585453
HAP1_SCAFFOLD_612	0	20149	1	14097	20149	0.6996377
HAP2_SCAFFOLD_8440	0	19972	1	17284	19972	0.8654116
HAP1_SCAFFOLD_614	0	19940	2	2088	19940	0.1047141
HAP1_SCAFFOLD_615	0	19892	0	0	19892	0.0000000
HAP1_SCAFFOLD_616	0	19820	0	0	19820	0.0000000
HAP1_SCAFFOLD_617	0	19800	4	3561	19800	0.1798485
HAP1_SCAFFOLD_618	0	19767	1	303	19767	0.0153286
HAP1_SCAFFOLD_619	0	19764	1	300	19764	0.0151791
HAP1_SCAFFOLD_620	0	19709	0	0	19709	0.0000000
HAP1_SCAFFOLD_621	0	19673	1	1808	19673	0.0919026
HAP1_SCAFFOLD_622	0	19643	0	0	19643	0.0000000
HAP1_SCAFFOLD_623	0	19524	1	19490	19524	0.9982585
HAP1_SCAFFOLD_624	0	19523	4	17654	19523	0.9042668
HAP1_SCAFFOLD_625	0	19522	1	5243	19522	0.2685688
HAP1_SCAFFOLD_626	0	19396	1	19396	19396	1.0000000
HAP1_SCAFFOLD_628	0	19354	0	0	19354	0.0000000
HAP1_SCAFFOLD_629	0	19269	0	0	19269	0.0000000
HAP1_SCAFFOLD_630	0	19195	0	0	19195	0.0000000
HAP1_SCAFFOLD_631	0	19184	3	9147	19184	0.4768036
HAP1_SCAFFOLD_632	0	19168	1	4085	19168	0.2131156
HAP1_SCAFFOLD_634	0	19125	3	14168	19125	0.7408105
HAP1_SCAFFOLD_635	0	19119	1	8124	19119	0.4249176
HAP1_SCAFFOLD_636	0	19091	0	0	19091	0.0000000
HAP1_SCAFFOLD_638	0	19006	2	271	19006	0.0142587
HAP1_SCAFFOLD_640	0	19000	2	817	19000	0.0430000
HAP1_SCAFFOLD_641	0	18964	0	0	18964	0.0000000
HAP1_SCAFFOLD_642	0	18952	1	806	18952	0.0425285
HAP1_SCAFFOLD_643	0	18907	1	3928	18907	0.2077537
SCAFFOLD_190	0	18765	0	0	18765	0.0000000
HAP1_SCAFFOLD_644	0	18754	0	0	18754	0.0000000
HAP1_SCAFFOLD_645	0	18703	0	0	18703	0.0000000
HAP1_SCAFFOLD_646	0	18673	2	16365	18673	0.8763991
HAP1_SCAFFOLD_648	0	18546	3	8175	18546	0.4407959
HAP1_SCAFFOLD_650	0	18404	0	0	18404	0.0000000
HAP1_SCAFFOLD_651	0	18377	2	1657	18377	0.0901671
HAP1_SCAFFOLD_652	0	18369	0	0	18369	0.0000000
HAP1_SCAFFOLD_653	0	18226	0	0	18226	0.0000000
HAP1_SCAFFOLD_654	0	18215	1	1885	18215	0.1034861
HAP1_SCAFFOLD_656	0	18196	0	0	18196	0.0000000
HAP1_SCAFFOLD_658	0	18107	1	417	18107	0.0230298
HAP1_SCAFFOLD_659	0	18104	1	702	18104	0.0387760
HAP1_SCAFFOLD_660	0	18005	1	11446	18005	0.6357123
HAP1_SCAFFOLD_661	0	17997	1	1925	17997	0.1069623
HAP1_SCAFFOLD_662	0	17959	1	7528	17959	0.4191770
HAP1_SCAFFOLD_664	0	17881	0	0	17881	0.0000000
HAP1_SCAFFOLD_665	0	17839	0	0	17839	0.0000000
HAP1_SCAFFOLD_666	0	17833	1	5576	17833	0.3126788
HAP1_SCAFFOLD_667	0	17798	1	17798	17798	1.0000000
HAP1_SCAFFOLD_668	0	17770	1	14278	17770	0.8034890
HAP1_SCAFFOLD_669	0	17729	0	0	17729	0.0000000
HAP1_SCAFFOLD_670	0	17729	1	13822	17729	0.7796266
HAP1_SCAFFOLD_671	0	17704	1	17704	17704	1.0000000
HAP1_SCAFFOLD_672	0	17666	1	9354	17666	0.5294917
HAP1_SCAFFOLD_673	0	17561	1	1915	17561	0.1090485
HAP1_SCAFFOLD_674	0	17411	1	17411	17411	1.0000000
HAP1_SCAFFOLD_675	0	17355	1	5825	17355	0.3356381
HAP1_SCAFFOLD_677	0	17294	0	0	17294	0.0000000
HAP1_SCAFFOLD_678	0	17283	1	1845	17283	0.1067523
HAP1_SCAFFOLD_679	0	17260	1	2816	17260	0.1631518
HAP1_SCAFFOLD_681	0	17216	0	0	17216	0.0000000
HAP1_SCAFFOLD_683	0	17130	0	0	17130	0.0000000
HAP1_SCAFFOLD_684	0	17127	0	0	17127	0.0000000
HAP1_SCAFFOLD_685	0	17119	2	17119	17119	1.0000000
HAP2_SCAFFOLD_11367	0	17097	1	17097	17097	1.0000000
HAP1_SCAFFOLD_686	0	17081	3	12436	17081	0.7280604
HAP1_SCAFFOLD_688	0	17045	1	10760	17045	0.6312702
HAP1_SCAFFOLD_690	0	16860	0	0	16860	0.0000000
HAP1_SCAFFOLD_692	0	16762	1	10426	16762	0.6220021
HAP1_SCAFFOLD_693	0	16754	10	8851	16754	0.5282918
HAP1_SCAFFOLD_694	0	16678	1	494	16678	0.0296199
HAP1_SCAFFOLD_695	0	16653	2	8775	16653	0.5269321
SUPER_W1_unloc_5	0	16477	3	2253	16477	0.1367361
HAP1_SCAFFOLD_698	0	16400	2	5569	16400	0.3395732
HAP1_SCAFFOLD_699	0	16360	0	0	16360	0.0000000
HAP1_SCAFFOLD_700	0	16343	0	0	16343	0.0000000
SUPER_W1_unloc_6	0	16288	0	0	16288	0.0000000
HAP1_SCAFFOLD_703	0	16286	0	0	16286	0.0000000
HAP1_SCAFFOLD_704	0	16175	0	0	16175	0.0000000
HAP1_SCAFFOLD_705	0	16145	1	9727	16145	0.6024776
HAP1_SCAFFOLD_706	0	16137	1	9690	16137	0.6004834
HAP1_SCAFFOLD_707	0	16126	2	3081	16126	0.1910579
HAP1_SCAFFOLD_708	0	16068	2	8987	16068	0.5593104
HAP1_SCAFFOLD_709	0	16000	0	0	16000	0.0000000
HAP1_SCAFFOLD_710	0	15964	1	5838	15964	0.3656978
HAP1_SCAFFOLD_711	0	15936	3	1226	15936	0.0769327
HAP1_SCAFFOLD_712	0	15910	1	9452	15910	0.5940918
HAP1_SCAFFOLD_713	0	15908	1	15908	15908	1.0000000
HAP1_SCAFFOLD_714	0	15894	1	14741	15894	0.9274569
HAP1_SCAFFOLD_715	0	15857	3	2157	15857	0.1360282
HAP1_SCAFFOLD_716	0	15839	1	14775	15839	0.9328240
HAP1_SCAFFOLD_717	0	15745	0	0	15745	0.0000000
HAP1_SCAFFOLD_718	0	15735	1	10654	15735	0.6770893
HAP1_SCAFFOLD_719	0	15713	0	0	15713	0.0000000
HAP1_SCAFFOLD_720	0	15663	1	4277	15663	0.2730639
HAP1_SCAFFOLD_721	0	15657	1	455	15657	0.0290605
HAP1_SCAFFOLD_722	0	15624	1	15624	15624	1.0000000
HAP1_SCAFFOLD_723	0	15570	2	1194	15570	0.0766859
HAP1_SCAFFOLD_724	0	15527	2	9599	15527	0.6182134
HAP1_SCAFFOLD_725	0	15461	0	0	15461	0.0000000
HAP1_SCAFFOLD_726	0	15439	1	15439	15439	1.0000000
HAP1_SCAFFOLD_728	0	15389	2	4710	15389	0.3060628
HAP1_SCAFFOLD_729	0	15324	0	0	15324	0.0000000
HAP1_SCAFFOLD_730	0	15322	2	10016	15322	0.6537006
HAP1_SCAFFOLD_732	0	15272	1	10484	15272	0.6864851
HAP1_SCAFFOLD_733	0	15210	0	0	15210	0.0000000
HAP1_SCAFFOLD_734	0	15187	0	0	15187	0.0000000
HAP2_SCAFFOLD_14116	0	15083	1	8045	15083	0.5333819
HAP1_SCAFFOLD_735	0	15039	2	14861	15039	0.9881641
HAP1_SCAFFOLD_736	0	15000	0	0	15000	0.0000000
HAP1_SCAFFOLD_737	0	14963	0	0	14963	0.0000000
HAP1_SCAFFOLD_738	0	14956	2	915	14956	0.0611795
HAP1_SCAFFOLD_739	0	14949	0	0	14949	0.0000000
HAP1_SCAFFOLD_740	0	14946	0	0	14946	0.0000000
HAP1_SCAFFOLD_741	0	14921	2	11901	14921	0.7976007
HAP1_SCAFFOLD_742	0	14910	0	0	14910	0.0000000
HAP1_SCAFFOLD_743	0	14867	1	14867	14867	1.0000000
HAP1_SCAFFOLD_744	0	14768	0	0	14768	0.0000000
HAP1_SCAFFOLD_745	0	14761	1	2355	14761	0.1595420
HAP1_SCAFFOLD_746	0	14738	2	2900	14738	0.1967703
HAP1_SCAFFOLD_747	0	14730	1	5481	14730	0.3720978
HAP1_SCAFFOLD_748	0	14497	1	435	14497	0.0300062
HAP1_SCAFFOLD_749	0	14461	1	4440	14461	0.3070327
HAP1_SCAFFOLD_750	0	14450	1	4633	14450	0.3206228
HAP1_SCAFFOLD_751	0	14384	6	1918	14384	0.1333426
HAP1_SCAFFOLD_752	0	14367	1	3189	14367	0.2219670
HAP2_SCAFFOLD_15281	0	14348	2	1915	14348	0.1334681
HAP1_SCAFFOLD_753	0	14287	1	4397	14287	0.3077623
HAP1_SCAFFOLD_754	0	14246	3	2925	14246	0.2053208
HAP1_SCAFFOLD_755	0	14196	1	13401	14196	0.9439983
HAP1_SCAFFOLD_756	0	14143	1	13991	14143	0.9892526
HAP1_SCAFFOLD_757	0	14116	0	0	14116	0.0000000
HAP1_SCAFFOLD_758	0	14070	1	4182	14070	0.2972282
HAP1_SCAFFOLD_759	0	14064	0	0	14064	0.0000000
HAP1_SCAFFOLD_760	0	14005	1	415	14005	0.0296323
HAP1_SCAFFOLD_761	0	13990	1	5451	13990	0.3896354
HAP1_SCAFFOLD_762	0	13942	0	0	13942	0.0000000
HAP1_SCAFFOLD_763	0	13906	0	0	13906	0.0000000
HAP1_SCAFFOLD_764	0	13707	0	0	13707	0.0000000
HAP1_SCAFFOLD_765	0	13545	1	9394	13545	0.6935400
HAP1_SCAFFOLD_766	0	13421	0	0	13421	0.0000000
HAP1_SCAFFOLD_767	0	13385	1	12606	13385	0.9418005
HAP1_SCAFFOLD_768	0	13382	1	8478	13382	0.6335376
HAP1_SCAFFOLD_769	0	13335	1	1275	13335	0.0956130
HAP1_SCAFFOLD_770	0	13197	0	0	13197	0.0000000
HAP1_SCAFFOLD_771	0	13192	1	419	13192	0.0317617
HAP1_SCAFFOLD_772	0	13149	1	7586	13149	0.5769260
HAP1_SCAFFOLD_773	0	13106	1	10673	13106	0.8143598
HAP1_SCAFFOLD_774	0	13091	2	606	13091	0.0462913
HAP1_SCAFFOLD_775	0	13065	2	1556	13065	0.1190968
HAP1_SCAFFOLD_776	0	13063	0	0	13063	0.0000000
HAP1_SCAFFOLD_777	0	13062	2	75	13062	0.0057418
HAP1_SCAFFOLD_778	0	13035	0	0	13035	0.0000000
HAP1_SCAFFOLD_779	0	13000	0	0	13000	0.0000000
HAP1_SCAFFOLD_780	0	13000	1	6033	13000	0.4640769
HAP1_SCAFFOLD_781	0	12993	0	0	12993	0.0000000
HAP1_SCAFFOLD_782	0	12976	0	0	12976	0.0000000
HAP1_SCAFFOLD_783	0	12975	1	1802	12975	0.1388825
HAP1_SCAFFOLD_784	0	12966	0	0	12966	0.0000000
HAP1_SCAFFOLD_785	0	12953	0	0	12953	0.0000000
HAP1_SCAFFOLD_786	0	12940	0	0	12940	0.0000000
HAP1_SCAFFOLD_787	0	12931	1	10127	12931	0.7831568
HAP1_SCAFFOLD_788	0	12905	0	0	12905	0.0000000
HAP1_SCAFFOLD_789	0	12872	0	0	12872	0.0000000
HAP1_SCAFFOLD_790	0	12821	0	0	12821	0.0000000
HAP1_SCAFFOLD_791	0	12756	3	6332	12756	0.4963939
HAP1_SCAFFOLD_792	0	12735	1	12735	12735	1.0000000
HAP1_SCAFFOLD_793	0	12714	1	12714	12714	1.0000000
HAP1_SCAFFOLD_794	0	12702	0	0	12702	0.0000000
HAP1_SCAFFOLD_795	0	12571	0	0	12571	0.0000000
HAP1_SCAFFOLD_796	0	12562	2	10810	12562	0.8605317
HAP1_SCAFFOLD_797	0	12545	3	6009	12545	0.4789956
HAP1_SCAFFOLD_798	0	12528	1	4465	12528	0.3564017
HAP1_SCAFFOLD_799	0	12516	2	6996	12516	0.5589646
HAP1_SCAFFOLD_800	0	12360	1	1659	12360	0.1342233
HAP1_SCAFFOLD_801	0	12359	2	7221	12359	0.5842706
HAP1_SCAFFOLD_802	0	12338	1	12338	12338	1.0000000
HAP1_SCAFFOLD_803	0	12327	1	9135	12327	0.7410562
HAP1_SCAFFOLD_804	0	12300	1	12300	12300	1.0000000
HAP1_SCAFFOLD_805	0	12197	2	696	12197	0.0570632
HAP1_SCAFFOLD_806	0	12170	2	11280	12170	0.9268693
HAP1_SCAFFOLD_807	0	12074	1	9781	12074	0.8100878
HAP1_SCAFFOLD_808	0	12000	0	0	12000	0.0000000
HAP1_SCAFFOLD_809	0	11935	0	0	11935	0.0000000
HAP1_SCAFFOLD_810	0	11890	2	2672	11890	0.2247267
HAP1_SCAFFOLD_811	0	11853	1	2615	11853	0.2206192
HAP1_SCAFFOLD_812	0	11840	1	11701	11840	0.9882601
HAP1_SCAFFOLD_813	0	11823	1	5624	11823	0.4756830
HAP1_SCAFFOLD_814	0	11811	1	4535	11811	0.3839641
HAP1_SCAFFOLD_815	0	11710	1	9651	11710	0.8241674
HAP1_SCAFFOLD_816	0	11708	0	0	11708	0.0000000
HAP1_SCAFFOLD_817	0	11597	1	11597	11597	1.0000000
HAP1_SCAFFOLD_818	0	11574	1	11574	11574	1.0000000
HAP1_SCAFFOLD_819	0	11454	1	11454	11454	1.0000000
HAP1_SCAFFOLD_820	0	11341	1	11341	11341	1.0000000
HAP1_SCAFFOLD_821	0	11338	1	10901	11338	0.9614571
HAP1_SCAFFOLD_822	0	11326	0	0	11326	0.0000000
HAP1_SCAFFOLD_823	0	11314	0	0	11314	0.0000000
HAP1_SCAFFOLD_825	0	11108	0	0	11108	0.0000000
SCAFFOLD_173	0	11051	1	712	11051	0.0644286
HAP1_SCAFFOLD_826	0	11043	1	9906	11043	0.8970389
HAP1_SCAFFOLD_827	0	11018	0	0	11018	0.0000000
HAP1_SCAFFOLD_828	0	11006	0	0	11006	0.0000000
HAP1_SCAFFOLD_829	0	10986	1	1010	10986	0.0919352
HAP1_SCAFFOLD_830	0	10979	1	473	10979	0.0430822
HAP1_SCAFFOLD_831	0	10913	1	7701	10913	0.7056721
HAP1_SCAFFOLD_832	0	10838	0	0	10838	0.0000000
HAP1_SCAFFOLD_833	0	10665	0	0	10665	0.0000000
HAP1_SCAFFOLD_834	0	10555	2	3199	10555	0.3030791
HAP1_SCAFFOLD_835	0	10295	1	4076	10295	0.3959203
HAP1_SCAFFOLD_836	0	10265	1	456	10265	0.0444228
HAP1_SCAFFOLD_837	0	10264	0	0	10264	0.0000000
HAP1_SCAFFOLD_838	0	10220	1	10220	10220	1.0000000
HAP1_SCAFFOLD_839	0	10163	1	2829	10163	0.2783627
HAP1_SCAFFOLD_840	0	10154	0	0	10154	0.0000000
HAP1_SCAFFOLD_841	0	10090	1	5976	10090	0.5922696
HAP1_SCAFFOLD_842	0	10052	0	0	10052	0.0000000
HAP1_SCAFFOLD_843	0	9971	1	9971	9971	1.0000000
HAP1_SCAFFOLD_844	0	9893	0	0	9893	0.0000000
HAP1_SCAFFOLD_845	0	9863	1	6733	9863	0.6826524
HAP1_SCAFFOLD_846	0	9850	0	0	9850	0.0000000
HAP1_SCAFFOLD_847	0	9766	0	0	9766	0.0000000
HAP1_SCAFFOLD_848	0	9742	0	0	9742	0.0000000
HAP1_SCAFFOLD_849	0	9183	1	8458	9183	0.9210498
HAP1_SCAFFOLD_850	0	9110	1	2992	9110	0.3284303
HAP1_SCAFFOLD_851	0	8984	1	8984	8984	1.0000000
HAP1_SCAFFOLD_852	0	8843	0	0	8843	0.0000000
HAP1_SCAFFOLD_853	0	7941	1	7897	7941	0.9944592
HAP1_SCAFFOLD_854	0	5000	0	0	5000	0.0000000
HAP1_SCAFFOLD_855	0	1000	0	0	1000	0.0000000
HAP1_SCAFFOLD_856	0	1000	0	0	1000	0.0000000
HAP1_SCAFFOLD_857	0	1000	0	0	1000	0.0000000
HAP1_SCAFFOLD_858	0	1000	0	0	1000	0.0000000
HAP1_SCAFFOLD_859	0	1000	0	0	1000	0.0000000
HAP1_SCAFFOLD_860	0	1000	1	986	1000	0.9860000
HAP1_SCAFFOLD_861	0	1000	0	0	1000	0.0000000
HAP1_SCAFFOLD_862	0	1000	0	0	1000	0.0000000
